<?xml version="1.0" encoding="UTF-8"?>
<package id="1" uuid="4141bb9d-c45f-40bd-aad9-77e6d1d7b564">
  <dateCreated id="2">2016-07-23 19:07:30</dateCreated>
  <name>Location_and_Location_Tags</name>
  <description>Locations and Location Tags</description>
  <openmrsVersion>1.11.6  Build 9f4e17</openmrsVersion>
  <version>1</version>
  <groupUuid>2c2f357e-68fa-4396-a1f7-352a1af491b2</groupUuid>
  <modules id="3">
    <entry>
      <string>uilibrary</string>
      <string>2.0.4</string>
    </entry>
    <entry>
      <string>dataexchange</string>
      <string>1.3.2</string>
    </entry>
    <entry>
      <string>webservices.rest</string>
      <string>2.14.dc38aa</string>
    </entry>
    <entry>
      <string>appointmentscheduling</string>
      <string>1.5</string>
    </entry>
    <entry>
      <string>reportingui</string>
      <string>1.1</string>
    </entry>
    <entry>
      <string>uicommons</string>
      <string>1.8</string>
    </entry>
    <entry>
      <string>htmlformentry</string>
      <string>3.2</string>
    </entry>
    <entry>
      <string>patientsummary</string>
      <string>2.1</string>
    </entry>
    <entry>
      <string>allergyapi</string>
      <string>1.4</string>
    </entry>
    <entry>
      <string>calculation</string>
      <string>1.1</string>
    </entry>
    <entry>
      <string>providermanagement</string>
      <string>2.4</string>
    </entry>
    <entry>
      <string>chartsearch</string>
      <string>1.4.1</string>
    </entry>
    <entry>
      <string>event</string>
      <string>2.4</string>
    </entry>
    <entry>
      <string>coreapps</string>
      <string>1.11-SNAPSHOT</string>
    </entry>
    <entry>
      <string>formfilter</string>
      <string>1.0.0</string>
    </entry>
    <entry>
      <string>htmlformentry19ext</string>
      <string>1.7</string>
    </entry>
    <entry>
      <string>registrationcore</string>
      <string>1.4</string>
    </entry>
    <entry>
      <string>dataentrystatistics</string>
      <string>1.3.2</string>
    </entry>
    <entry>
      <string>addresshierarchy</string>
      <string>2.8</string>
    </entry>
    <entry>
      <string>serialization.xstream</string>
      <string>0.2.10</string>
    </entry>
    <entry>
      <string>htmlwidgets</string>
      <string>1.7.2</string>
    </entry>
    <entry>
      <string>dataintegrity</string>
      <string>3.0</string>
    </entry>
    <entry>
      <string>reportingcompatibility</string>
      <string>1.5.9-SNAPSHOT</string>
    </entry>
    <entry>
      <string>referenceapplication</string>
      <string>2.5-SNAPSHOT</string>
    </entry>
    <entry>
      <string>appui</string>
      <string>1.6-SNAPSHOT</string>
    </entry>
    <entry>
      <string>validation</string>
      <string>1.0.1</string>
    </entry>
    <entry>
      <string>metadatadeploy</string>
      <string>1.7</string>
    </entry>
    <entry>
      <string>uiframework</string>
      <string>3.6</string>
    </entry>
    <entry>
      <string>adminui</string>
      <string>1.1</string>
    </entry>
    <entry>
      <string>metadatamapping</string>
      <string>1.0.2</string>
    </entry>
    <entry>
      <string>referencemetadata</string>
      <string>2.5-SNAPSHOT</string>
    </entry>
    <entry>
      <string>reportingrest</string>
      <string>1.6</string>
    </entry>
    <entry>
      <string>appframework</string>
      <string>2.8</string>
    </entry>
    <entry>
      <string>htmlformentryui</string>
      <string>1.5</string>
    </entry>
    <entry>
      <string>registrationapp</string>
      <string>1.5</string>
    </entry>
    <entry>
      <string>emrapi</string>
      <string>1.16-SNAPSHOT</string>
    </entry>
    <entry>
      <string>allergyui</string>
      <string>1.5</string>
    </entry>
    <entry>
      <string>idgen</string>
      <string>4.3</string>
    </entry>
    <entry>
      <string>databasebackup</string>
      <string>1.2.4</string>
    </entry>
    <entry>
      <string>metadatasharing</string>
      <string>1.2</string>
    </entry>
    <entry>
      <string>reporting</string>
      <string>0.10.0</string>
    </entry>
    <entry>
      <string>formentryapp</string>
      <string>1.2</string>
    </entry>
    <entry>
      <string>openconceptlab</string>
      <string>1.1</string>
    </entry>
    <entry>
      <string>namibia</string>
      <string>1.0-SNAPSHOT</string>
    </entry>
  </modules>
  <items class="linked-hash-set" id="4">
    <org.openmrs.module.metadatasharing.Item id="5" uuid="1a86e79c-8986-4ba8-9b4c-aac871b76d61">
      <id>6</id>
      <classname>org.openmrs.Location</classname>
      <dateChanged id="6">2016-07-23 18:52:48</dateChanged>
      <retired>false</retired>
    </org.openmrs.module.metadatasharing.Item>
    <org.openmrs.module.metadatasharing.Item id="7" uuid="3f3e1f67-3ec0-4d00-a2d4-02bdb9c0e2e6">
      <id>5</id>
      <classname>org.openmrs.Location</classname>
      <dateChanged id="8">2016-07-23 18:52:00</dateChanged>
      <retired>false</retired>
    </org.openmrs.module.metadatasharing.Item>
    <org.openmrs.module.metadatasharing.Item id="9" uuid="44843df7-82fe-41a4-81f5-9ad27ae5486d">
      <id>2</id>
      <classname>org.openmrs.Location</classname>
      <dateChanged id="10">2016-07-23 18:50:50</dateChanged>
      <retired>false</retired>
    </org.openmrs.module.metadatasharing.Item>
    <org.openmrs.module.metadatasharing.Item id="11" uuid="59b7fb78-cf1f-403c-b8bb-0db2b6110b3c">
      <id>9</id>
      <classname>org.openmrs.Location</classname>
      <dateChanged id="12">2016-07-23 18:55:25</dateChanged>
      <retired>false</retired>
    </org.openmrs.module.metadatasharing.Item>
    <org.openmrs.module.metadatasharing.Item id="13" uuid="8d6c993e-c2cc-11de-8d13-0010c6dffd0f">
      <id>1</id>
      <classname>org.openmrs.Location</classname>
      <dateChanged id="14">2016-07-23 18:34:00</dateChanged>
      <retired>false</retired>
    </org.openmrs.module.metadatasharing.Item>
    <org.openmrs.module.metadatasharing.Item id="15" uuid="bfce9a39-f68e-472e-95f2-db925614abc9">
      <id>8</id>
      <classname>org.openmrs.Location</classname>
      <dateChanged id="16">2016-07-23 18:54:11</dateChanged>
      <retired>false</retired>
    </org.openmrs.module.metadatasharing.Item>
    <org.openmrs.module.metadatasharing.Item id="17" uuid="c1a096da-799e-4206-b8bd-87092899d441">
      <id>10</id>
      <classname>org.openmrs.Location</classname>
      <dateChanged id="18">2016-07-23 18:56:38</dateChanged>
      <retired>false</retired>
    </org.openmrs.module.metadatasharing.Item>
    <org.openmrs.module.metadatasharing.Item id="19" uuid="dd66ba0f-41e9-4ba4-948d-21cdacee5833">
      <id>7</id>
      <classname>org.openmrs.Location</classname>
      <dateChanged id="20">2016-07-23 18:53:05</dateChanged>
      <retired>false</retired>
    </org.openmrs.module.metadatasharing.Item>
    <org.openmrs.module.metadatasharing.Item id="21" uuid="e18d7d91-60b9-4b6d-9f1a-49975fd3da7f">
      <id>3</id>
      <classname>org.openmrs.Location</classname>
      <dateChanged id="22">2016-07-23 18:51:10</dateChanged>
      <retired>false</retired>
    </org.openmrs.module.metadatasharing.Item>
    <org.openmrs.module.metadatasharing.Item id="23" uuid="e1ca6aaa-b2c9-4226-a752-db741bb325b2">
      <id>4</id>
      <classname>org.openmrs.Location</classname>
      <dateChanged id="24">2016-07-23 18:51:31</dateChanged>
      <retired>false</retired>
    </org.openmrs.module.metadatasharing.Item>
    <org.openmrs.module.metadatasharing.Item id="25" uuid="1c783dca-fd54-4ea8-a0fc-2875374e9cb6">
      <id>2</id>
      <classname>org.openmrs.LocationTag</classname>
      <dateChanged id="26">2013-08-01 23:43:47</dateChanged>
      <retired>false</retired>
    </org.openmrs.module.metadatasharing.Item>
    <org.openmrs.module.metadatasharing.Item id="27" uuid="37dd4458-dc9e-4ae6-a1f1-789c1162d37b">
      <id>4</id>
      <classname>org.openmrs.LocationTag</classname>
      <dateChanged id="28">2013-08-01 23:45:29</dateChanged>
      <retired>false</retired>
    </org.openmrs.module.metadatasharing.Item>
    <org.openmrs.module.metadatasharing.Item id="29" uuid="8d4626ca-7abd-42ad-be48-56767bbcf272">
      <id>3</id>
      <classname>org.openmrs.LocationTag</classname>
      <dateChanged id="30">2013-08-01 23:44:55</dateChanged>
      <retired>false</retired>
    </org.openmrs.module.metadatasharing.Item>
    <org.openmrs.module.metadatasharing.Item id="31" uuid="b8bbf83e-645f-451f-8efe-a0db56f09676">
      <id>1</id>
      <classname>org.openmrs.LocationTag</classname>
      <dateChanged id="32">2016-07-23 18:33:57</dateChanged>
      <retired>false</retired>
    </org.openmrs.module.metadatasharing.Item>
  </items>
  <relatedItems class="linked-hash-set" id="33"/>
</package>
