<?xml version="1.0" encoding="UTF-8"?>
<list id="1">
  <org.openmrs.Location id="2" uuid="1a86e79c-8986-4ba8-9b4c-aac871b76d61">
    <name>Kunene Region</name>
    <creator/>
    <dateCreated id="3">2016-07-23 18:52:48</dateCreated>
    <retired>false</retired>
    <attributes id="4"/>
    <locationId>6</locationId>
    <parentLocation id="5" resolves-to="org.openmrs.Location" uuid="44843df7-82fe-41a4-81f5-9ad27ae5486d">
      <name>Ministry of Health and Social Sciences</name>
      <creator/>
      <dateCreated id="6">2016-07-23 18:50:50</dateCreated>
      <retired>false</retired>
      <attributes id="7"/>
      <locationId>2</locationId>
      <childLocations id="8">
        <org.openmrs.Location reference="2"/>
        <org.openmrs.Location id="9" resolves-to="org.openmrs.Location" uuid="e18d7d91-60b9-4b6d-9f1a-49975fd3da7f">
          <name>Khomas Region</name>
          <creator/>
          <dateCreated id="10">2016-07-23 18:51:10</dateCreated>
          <retired>false</retired>
          <attributes id="11"/>
          <locationId>3</locationId>
          <parentLocation reference="5"/>
          <childLocations id="12">
            <org.openmrs.Location id="13" resolves-to="org.openmrs.Location" uuid="e1ca6aaa-b2c9-4226-a752-db741bb325b2">
              <name>Windhoek District</name>
              <creator/>
              <dateCreated id="14">2016-07-23 18:51:31</dateCreated>
              <retired>false</retired>
              <attributes id="15"/>
              <locationId>4</locationId>
              <parentLocation reference="9"/>
              <childLocations id="16">
                <org.openmrs.Location id="17" uuid="c1a096da-799e-4206-b8bd-87092899d441">
                  <name>Groot Aub</name>
                  <creator/>
                  <dateCreated id="18">2016-07-23 18:56:38</dateCreated>
                  <retired>false</retired>
                  <attributes id="19"/>
                  <locationId>10</locationId>
                  <parentLocation reference="13"/>
                  <childLocations id="20"/>
                  <tags id="21">
                    <org.openmrs.LocationTag id="22" uuid="1c783dca-fd54-4ea8-a0fc-2875374e9cb6">
                      <name>Admission Location</name>
                      <description>Patients may only be admitted to inpatient care in a location with this tag</description>
                      <creator/>
                      <dateCreated id="23">2013-08-01 23:43:47</dateCreated>
                      <retired>false</retired>
                      <locationTagId>2</locationTagId>
                    </org.openmrs.LocationTag>
                    <org.openmrs.LocationTag id="24" uuid="8d4626ca-7abd-42ad-be48-56767bbcf272">
                      <name>Transfer Location</name>
                      <description>Patients may only be transferred (within the hospital) to a location with this tag</description>
                      <creator/>
                      <dateCreated id="25">2013-08-01 23:44:55</dateCreated>
                      <retired>false</retired>
                      <locationTagId>3</locationTagId>
                    </org.openmrs.LocationTag>
                    <org.openmrs.LocationTag id="26" uuid="b8bbf83e-645f-451f-8efe-a0db56f09676">
                      <name>Login Location</name>
                      <description>When a user logs in and chooses a session location, they may only choose one with this tag</description>
                      <creator/>
                      <dateCreated id="27">2013-08-01 23:44:36</dateCreated>
                      <changedBy/>
                      <dateChanged id="28">2016-07-23 18:33:57</dateChanged>
                      <retired>false</retired>
                      <locationTagId>1</locationTagId>
                    </org.openmrs.LocationTag>
                    <org.openmrs.LocationTag id="29" uuid="37dd4458-dc9e-4ae6-a1f1-789c1162d37b">
                      <name>Visit Location</name>
                      <description>Visits are only allowed to happen at locations tagged with this location tag or at locations that descend from a location tagged with this tag.</description>
                      <creator/>
                      <dateCreated id="30">2013-08-01 23:45:29</dateCreated>
                      <retired>false</retired>
                      <locationTagId>4</locationTagId>
                    </org.openmrs.LocationTag>
                  </tags>
                </org.openmrs.Location>
                <org.openmrs.Location id="31" uuid="3f3e1f67-3ec0-4d00-a2d4-02bdb9c0e2e6">
                  <name>Katutura Hospital</name>
                  <creator/>
                  <dateCreated id="32">2016-07-23 18:52:00</dateCreated>
                  <retired>false</retired>
                  <attributes id="33"/>
                  <locationId>5</locationId>
                  <parentLocation reference="13"/>
                  <childLocations id="34"/>
                  <tags id="35">
                    <org.openmrs.LocationTag reference="22"/>
                    <org.openmrs.LocationTag reference="24"/>
                    <org.openmrs.LocationTag reference="26"/>
                    <org.openmrs.LocationTag reference="29"/>
                  </tags>
                </org.openmrs.Location>
                <org.openmrs.Location id="36" uuid="59b7fb78-cf1f-403c-b8bb-0db2b6110b3c">
                  <name>Khomas Medical Centre</name>
                  <creator/>
                  <dateCreated id="37">2016-07-23 18:55:25</dateCreated>
                  <retired>false</retired>
                  <attributes id="38"/>
                  <locationId>9</locationId>
                  <parentLocation reference="13"/>
                  <childLocations id="39"/>
                  <tags id="40">
                    <org.openmrs.LocationTag reference="22"/>
                    <org.openmrs.LocationTag reference="24"/>
                    <org.openmrs.LocationTag reference="26"/>
                    <org.openmrs.LocationTag reference="29"/>
                  </tags>
                </org.openmrs.Location>
              </childLocations>
              <tags id="41"/>
            </org.openmrs.Location>
          </childLocations>
          <tags id="42"/>
        </org.openmrs.Location>
      </childLocations>
      <tags id="43"/>
    </parentLocation>
    <childLocations id="44">
      <org.openmrs.Location id="45" resolves-to="org.openmrs.Location" uuid="dd66ba0f-41e9-4ba4-948d-21cdacee5833">
        <name>Opuwo District</name>
        <creator/>
        <dateCreated id="46">2016-07-23 18:53:05</dateCreated>
        <retired>false</retired>
        <attributes id="47"/>
        <locationId>7</locationId>
        <parentLocation reference="2"/>
        <childLocations id="48">
          <org.openmrs.Location id="49" uuid="bfce9a39-f68e-472e-95f2-db925614abc9">
            <name>Opuwo Hospital</name>
            <creator/>
            <dateCreated id="50">2016-07-23 18:53:36</dateCreated>
            <changedBy/>
            <dateChanged id="51">2016-07-23 18:54:11</dateChanged>
            <retired>false</retired>
            <attributes id="52"/>
            <locationId>8</locationId>
            <parentLocation reference="45"/>
            <childLocations id="53"/>
            <tags id="54">
              <org.openmrs.LocationTag reference="22"/>
              <org.openmrs.LocationTag reference="24"/>
              <org.openmrs.LocationTag reference="26"/>
              <org.openmrs.LocationTag reference="29"/>
            </tags>
          </org.openmrs.Location>
        </childLocations>
        <tags id="55"/>
      </org.openmrs.Location>
    </childLocations>
    <tags id="56"/>
  </org.openmrs.Location>
  <org.openmrs.Location reference="31"/>
  <org.openmrs.Location reference="5"/>
  <org.openmrs.Location reference="36"/>
  <org.openmrs.Location id="57" uuid="8d6c993e-c2cc-11de-8d13-0010c6dffd0f">
    <name>Unknown Location</name>
    <creator/>
    <dateCreated id="58">2005-09-21 21:00:00</dateCreated>
    <changedBy/>
    <dateChanged id="59">2016-07-23 18:34:00</dateChanged>
    <retired>false</retired>
    <attributes id="60"/>
    <locationId>1</locationId>
    <childLocations id="61"/>
    <tags id="62">
      <org.openmrs.LocationTag reference="22"/>
      <org.openmrs.LocationTag reference="24"/>
      <org.openmrs.LocationTag reference="29"/>
    </tags>
  </org.openmrs.Location>
  <org.openmrs.Location reference="49"/>
  <org.openmrs.Location reference="17"/>
  <org.openmrs.Location reference="45"/>
  <org.openmrs.Location reference="9"/>
  <org.openmrs.Location reference="13"/>
  <org.openmrs.LocationTag reference="22"/>
  <org.openmrs.LocationTag reference="29"/>
  <org.openmrs.LocationTag reference="24"/>
  <org.openmrs.LocationTag reference="26"/>
</list>
