<?xml version="1.0" encoding="UTF-8"?>
<package id="1" uuid="33533d8b-1be3-4f7f-95aa-4cd6ea6b3d73">
  <dateCreated id="2">2016-07-23 20:55:25</dateCreated>
  <name>PMTCT Encounter Types </name>
  <description>Encounter types for PMTCT</description>
  <openmrsVersion>1.11.6  Build 9f4e17</openmrsVersion>
  <version>1</version>
  <groupUuid>8a2bfe6a-3194-417e-9642-b7f2ba57f310</groupUuid>
  <modules id="3">
    <entry>
      <string>uilibrary</string>
      <string>2.0.4</string>
    </entry>
    <entry>
      <string>dataexchange</string>
      <string>1.3.2</string>
    </entry>
    <entry>
      <string>webservices.rest</string>
      <string>2.14.dc38aa</string>
    </entry>
    <entry>
      <string>appointmentscheduling</string>
      <string>1.5</string>
    </entry>
    <entry>
      <string>reportingui</string>
      <string>1.1</string>
    </entry>
    <entry>
      <string>uicommons</string>
      <string>1.8</string>
    </entry>
    <entry>
      <string>htmlformentry</string>
      <string>3.2</string>
    </entry>
    <entry>
      <string>patientsummary</string>
      <string>2.1</string>
    </entry>
    <entry>
      <string>allergyapi</string>
      <string>1.4</string>
    </entry>
    <entry>
      <string>calculation</string>
      <string>1.1</string>
    </entry>
    <entry>
      <string>providermanagement</string>
      <string>2.4</string>
    </entry>
    <entry>
      <string>chartsearch</string>
      <string>1.4.1</string>
    </entry>
    <entry>
      <string>event</string>
      <string>2.4</string>
    </entry>
    <entry>
      <string>coreapps</string>
      <string>1.11-SNAPSHOT</string>
    </entry>
    <entry>
      <string>formfilter</string>
      <string>1.0.0</string>
    </entry>
    <entry>
      <string>htmlformentry19ext</string>
      <string>1.7</string>
    </entry>
    <entry>
      <string>registrationcore</string>
      <string>1.4</string>
    </entry>
    <entry>
      <string>dataentrystatistics</string>
      <string>1.3.2</string>
    </entry>
    <entry>
      <string>addresshierarchy</string>
      <string>2.8</string>
    </entry>
    <entry>
      <string>serialization.xstream</string>
      <string>0.2.10</string>
    </entry>
    <entry>
      <string>htmlwidgets</string>
      <string>1.7.2</string>
    </entry>
    <entry>
      <string>dataintegrity</string>
      <string>3.0</string>
    </entry>
    <entry>
      <string>reportingcompatibility</string>
      <string>1.5.9-SNAPSHOT</string>
    </entry>
    <entry>
      <string>referenceapplication</string>
      <string>2.5-SNAPSHOT</string>
    </entry>
    <entry>
      <string>appui</string>
      <string>1.6-SNAPSHOT</string>
    </entry>
    <entry>
      <string>validation</string>
      <string>1.0.1</string>
    </entry>
    <entry>
      <string>metadatadeploy</string>
      <string>1.7</string>
    </entry>
    <entry>
      <string>uiframework</string>
      <string>3.6</string>
    </entry>
    <entry>
      <string>adminui</string>
      <string>1.1</string>
    </entry>
    <entry>
      <string>metadatamapping</string>
      <string>1.0.2</string>
    </entry>
    <entry>
      <string>referencemetadata</string>
      <string>2.5-SNAPSHOT</string>
    </entry>
    <entry>
      <string>reportingrest</string>
      <string>1.6</string>
    </entry>
    <entry>
      <string>appframework</string>
      <string>2.8</string>
    </entry>
    <entry>
      <string>htmlformentryui</string>
      <string>1.5</string>
    </entry>
    <entry>
      <string>registrationapp</string>
      <string>1.5</string>
    </entry>
    <entry>
      <string>emrapi</string>
      <string>1.16-SNAPSHOT</string>
    </entry>
    <entry>
      <string>allergyui</string>
      <string>1.5</string>
    </entry>
    <entry>
      <string>idgen</string>
      <string>4.3</string>
    </entry>
    <entry>
      <string>databasebackup</string>
      <string>1.2.4</string>
    </entry>
    <entry>
      <string>metadatasharing</string>
      <string>1.2</string>
    </entry>
    <entry>
      <string>reporting</string>
      <string>0.10.0</string>
    </entry>
    <entry>
      <string>formentryapp</string>
      <string>1.2</string>
    </entry>
    <entry>
      <string>openconceptlab</string>
      <string>1.1</string>
    </entry>
    <entry>
      <string>namibia</string>
      <string>1.0-SNAPSHOT</string>
    </entry>
  </modules>
  <items class="linked-hash-set" id="4">
    <org.openmrs.module.metadatasharing.Item id="5" uuid="181820aa-88c9-479b-9077-af92f5364329">
      <id>3</id>
      <classname>org.openmrs.EncounterType</classname>
      <dateChanged id="6">2013-08-01 18:27:50</dateChanged>
      <retired>false</retired>
    </org.openmrs.module.metadatasharing.Item>
    <org.openmrs.module.metadatasharing.Item id="7" uuid="2549af50-75c8-4aeb-87ca-4bb2cef6c69a">
      <id>8</id>
      <classname>org.openmrs.EncounterType</classname>
      <dateChanged id="8">2016-07-23 20:53:34</dateChanged>
      <retired>false</retired>
    </org.openmrs.module.metadatasharing.Item>
    <org.openmrs.module.metadatasharing.Item id="9" uuid="25a042b2-60bc-4940-a909-debd098b7d82">
      <id>6</id>
      <classname>org.openmrs.EncounterType</classname>
      <dateChanged id="10">2013-08-02 05:14:43</dateChanged>
      <retired>false</retired>
    </org.openmrs.module.metadatasharing.Item>
    <org.openmrs.module.metadatasharing.Item id="11" uuid="2678423c-0523-4d76-b0da-18177b439eed">
      <id>9</id>
      <classname>org.openmrs.EncounterType</classname>
      <dateChanged id="12">2016-07-23 20:54:05</dateChanged>
      <retired>false</retired>
    </org.openmrs.module.metadatasharing.Item>
    <org.openmrs.module.metadatasharing.Item id="13" uuid="269bcc7f-04f8-4ddc-883d-7a3a0d569aad">
      <id>10</id>
      <classname>org.openmrs.EncounterType</classname>
      <dateChanged id="14">2016-07-23 20:54:28</dateChanged>
      <retired>false</retired>
    </org.openmrs.module.metadatasharing.Item>
    <org.openmrs.module.metadatasharing.Item id="15" uuid="67a71486-1a54-468f-ac3e-7091a9a79584">
      <id>2</id>
      <classname>org.openmrs.EncounterType</classname>
      <dateChanged id="16">2013-08-12 12:08:05</dateChanged>
      <retired>false</retired>
    </org.openmrs.module.metadatasharing.Item>
    <org.openmrs.module.metadatasharing.Item id="17" uuid="7b68d557-85ef-4fc8-b767-4fa4f5eb5c23">
      <id>7</id>
      <classname>org.openmrs.EncounterType</classname>
      <dateChanged id="18">2013-08-01 18:28:10</dateChanged>
      <retired>false</retired>
    </org.openmrs.module.metadatasharing.Item>
    <org.openmrs.module.metadatasharing.Item id="19" uuid="af1f1b24-d2e8-4282-b308-0bf79b365584">
      <id>11</id>
      <classname>org.openmrs.EncounterType</classname>
      <dateChanged id="20">2016-07-23 20:55:00</dateChanged>
      <retired>false</retired>
    </org.openmrs.module.metadatasharing.Item>
    <org.openmrs.module.metadatasharing.Item id="21" uuid="ca3aed11-1aa4-42a1-b85c-8332fc8001fc">
      <id>1</id>
      <classname>org.openmrs.EncounterType</classname>
      <dateChanged id="22">2013-08-02 05:13:23</dateChanged>
      <retired>false</retired>
    </org.openmrs.module.metadatasharing.Item>
    <org.openmrs.module.metadatasharing.Item id="23" uuid="d7151f82-c1f3-4152-a605-2f9ea7414a79">
      <id>5</id>
      <classname>org.openmrs.EncounterType</classname>
      <dateChanged id="24">2013-08-02 05:16:06</dateChanged>
      <retired>false</retired>
    </org.openmrs.module.metadatasharing.Item>
    <org.openmrs.module.metadatasharing.Item id="25" uuid="e22e39fd-7db2-45e7-80f1-60fa0d5a4378">
      <id>4</id>
      <classname>org.openmrs.EncounterType</classname>
      <dateChanged id="26">2013-08-01 18:27:27</dateChanged>
      <retired>false</retired>
    </org.openmrs.module.metadatasharing.Item>
  </items>
  <relatedItems class="linked-hash-set" id="27"/>
</package>
