<?xml version="1.0" encoding="UTF-8"?>
<list id="1">
  <org.openmrs.EncounterType id="2" uuid="181820aa-88c9-479b-9077-af92f5364329">
    <name>Discharge</name>
    <description>Indicates that a patient&apos;s inpatient care at the hospital is ending, and they are expected to leave soon.</description>
    <creator/>
    <dateCreated id="3">2013-08-01 18:27:50</dateCreated>
    <retired>false</retired>
    <encounterTypeId>3</encounterTypeId>
  </org.openmrs.EncounterType>
  <org.openmrs.EncounterType id="4" uuid="2549af50-75c8-4aeb-87ca-4bb2cef6c69a">
    <name>Mother ANC</name>
    <description>ANC visit by a mother</description>
    <creator/>
    <dateCreated id="5">2016-07-23 20:53:34</dateCreated>
    <retired>false</retired>
    <encounterTypeId>8</encounterTypeId>
  </org.openmrs.EncounterType>
  <org.openmrs.EncounterType id="6" uuid="25a042b2-60bc-4940-a909-debd098b7d82">
    <name>Check Out</name>
    <description>The patient is explicitly leaving the hospital/clinic. (Usually no formal encounter is captured for this.)</description>
    <creator/>
    <dateCreated id="7">2013-08-02 05:14:43</dateCreated>
    <retired>false</retired>
    <encounterTypeId>6</encounterTypeId>
  </org.openmrs.EncounterType>
  <org.openmrs.EncounterType id="8" uuid="2678423c-0523-4d76-b0da-18177b439eed">
    <name>Mother Labor and Delivery</name>
    <description>Labor and delivery visit by a mother</description>
    <creator/>
    <dateCreated id="9">2016-07-23 20:54:05</dateCreated>
    <retired>false</retired>
    <encounterTypeId>9</encounterTypeId>
  </org.openmrs.EncounterType>
  <org.openmrs.EncounterType id="10" uuid="269bcc7f-04f8-4ddc-883d-7a3a0d569aad">
    <name>Mother PNC</name>
    <description>Post natal visit by a mother</description>
    <creator/>
    <dateCreated id="11">2016-07-23 20:54:28</dateCreated>
    <retired>false</retired>
    <encounterTypeId>10</encounterTypeId>
  </org.openmrs.EncounterType>
  <org.openmrs.EncounterType id="12" uuid="67a71486-1a54-468f-ac3e-7091a9a79584">
    <name>Vitals</name>
    <description>For capturing vital signs</description>
    <creator/>
    <dateCreated id="13">2013-08-12 12:08:05</dateCreated>
    <retired>false</retired>
    <encounterTypeId>2</encounterTypeId>
  </org.openmrs.EncounterType>
  <org.openmrs.EncounterType id="14" uuid="7b68d557-85ef-4fc8-b767-4fa4f5eb5c23">
    <name>Transfer</name>
    <description>Indicates that a patient is being transferred into a different department within the hospital. (Transfers out of the hospital should not use this encounter type.)</description>
    <creator/>
    <dateCreated id="15">2013-08-01 18:28:10</dateCreated>
    <retired>false</retired>
    <encounterTypeId>7</encounterTypeId>
  </org.openmrs.EncounterType>
  <org.openmrs.EncounterType id="16" uuid="af1f1b24-d2e8-4282-b308-0bf79b365584">
    <name>Infant PNC</name>
    <description>PNC visit by infant after birth</description>
    <creator/>
    <dateCreated id="17">2016-07-23 20:55:00</dateCreated>
    <retired>false</retired>
    <encounterTypeId>11</encounterTypeId>
  </org.openmrs.EncounterType>
  <org.openmrs.EncounterType id="18" uuid="ca3aed11-1aa4-42a1-b85c-8332fc8001fc">
    <name>Check In</name>
    <description>Indicates the patient has done the required paperwork and check-in to begin a visit to the clinic/hospital.</description>
    <creator/>
    <dateCreated id="19">2013-08-02 05:13:23</dateCreated>
    <retired>false</retired>
    <encounterTypeId>1</encounterTypeId>
  </org.openmrs.EncounterType>
  <org.openmrs.EncounterType id="20" uuid="d7151f82-c1f3-4152-a605-2f9ea7414a79">
    <name>Visit Note</name>
    <description>Encounter where a full or abbreviated examination is done, usually leading to a presumptive or confirmed diagnosis, recorded by the examining clinician.</description>
    <creator/>
    <dateCreated id="21">2013-08-02 05:16:06</dateCreated>
    <retired>false</retired>
    <encounterTypeId>5</encounterTypeId>
  </org.openmrs.EncounterType>
  <org.openmrs.EncounterType id="22" uuid="e22e39fd-7db2-45e7-80f1-60fa0d5a4378">
    <name>Admission</name>
    <description>Indicates that the patient has been admitted for inpatient care, and is not expected to leave the hospital unless discharged.</description>
    <creator/>
    <dateCreated id="23">2013-08-01 18:27:27</dateCreated>
    <retired>false</retired>
    <encounterTypeId>4</encounterTypeId>
  </org.openmrs.EncounterType>
</list>
