<?xml version="1.0" encoding="UTF-8"?>
<package id="1" uuid="42011ad0-23aa-4320-a41f-c3dea9dd303c">
  <dateCreated id="2">2016-07-25 08:58:43</dateCreated>
  <name>Namibia Concepts</name>
  <description>Concepts for the Namibia PMTCT distribution</description>
  <openmrsVersion>1.11.6  Build 9f4e17</openmrsVersion>
  <version>1</version>
  <groupUuid>938100d4-cf28-4b3a-a025-c01a07612aa6</groupUuid>
  <modules id="3">
    <entry>
      <string>uilibrary</string>
      <string>2.0.4</string>
    </entry>
    <entry>
      <string>referencedemodata</string>
      <string>1.4.2</string>
    </entry>
    <entry>
      <string>dataexchange</string>
      <string>1.3.1</string>
    </entry>
    <entry>
      <string>appointmentscheduling</string>
      <string>1.5</string>
    </entry>
    <entry>
      <string>webservices.rest</string>
      <string>2.14.dc38aa</string>
    </entry>
    <entry>
      <string>uicommons</string>
      <string>1.9</string>
    </entry>
    <entry>
      <string>htmlformentry</string>
      <string>2.6</string>
    </entry>
    <entry>
      <string>appointmentschedulingui</string>
      <string>1.3</string>
    </entry>
    <entry>
      <string>allergyapi</string>
      <string>1.4</string>
    </entry>
    <entry>
      <string>calculation</string>
      <string>1.1</string>
    </entry>
    <entry>
      <string>providermanagement</string>
      <string>2.4</string>
    </entry>
    <entry>
      <string>chartsearch</string>
      <string>1.4.1</string>
    </entry>
    <entry>
      <string>coreapps</string>
      <string>1.11-SNAPSHOT</string>
    </entry>
    <entry>
      <string>event</string>
      <string>2.4</string>
    </entry>
    <entry>
      <string>htmlformentry19ext</string>
      <string>1.6.1</string>
    </entry>
    <entry>
      <string>registrationcore</string>
      <string>1.4</string>
    </entry>
    <entry>
      <string>serialization.xstream</string>
      <string>0.2.10</string>
    </entry>
    <entry>
      <string>htmlwidgets</string>
      <string>1.7.0</string>
    </entry>
    <entry>
      <string>referenceapplication</string>
      <string>2.5-SNAPSHOT</string>
    </entry>
    <entry>
      <string>appui</string>
      <string>1.6-SNAPSHOT</string>
    </entry>
    <entry>
      <string>metadatadeploy</string>
      <string>1.5</string>
    </entry>
    <entry>
      <string>uiframework</string>
      <string>3.6</string>
    </entry>
    <entry>
      <string>adminui</string>
      <string>1.1</string>
    </entry>
    <entry>
      <string>metadatamapping</string>
      <string>1.0.2</string>
    </entry>
    <entry>
      <string>referencemetadata</string>
      <string>2.5-SNAPSHOT</string>
    </entry>
    <entry>
      <string>reportingrest</string>
      <string>1.6</string>
    </entry>
    <entry>
      <string>appframework</string>
      <string>2.8</string>
    </entry>
    <entry>
      <string>htmlformentryui</string>
      <string>1.5</string>
    </entry>
    <entry>
      <string>registrationapp</string>
      <string>1.5</string>
    </entry>
    <entry>
      <string>emrapi</string>
      <string>1.16-SNAPSHOT</string>
    </entry>
    <entry>
      <string>allergyui</string>
      <string>1.5</string>
    </entry>
    <entry>
      <string>idgen</string>
      <string>4.3</string>
    </entry>
    <entry>
      <string>metadatasharing</string>
      <string>1.2</string>
    </entry>
    <entry>
      <string>reporting</string>
      <string>0.10.0</string>
    </entry>
    <entry>
      <string>formentryapp</string>
      <string>1.2</string>
    </entry>
    <entry>
      <string>atlas</string>
      <string>2.2</string>
    </entry>
  </modules>
  <items class="linked-hash-set" id="4">
    <org.openmrs.module.metadatasharing.Item id="5" uuid="856AAAAAAAAAAAAAAAAAAAAAAAAAAAAAAAAA">
      <id>856</id>
      <classname>org.openmrs.ConceptNumeric</classname>
      <dateChanged id="6">2013-12-24 01:20:42</dateChanged>
      <retired>false</retired>
    </org.openmrs.module.metadatasharing.Item>
    <org.openmrs.module.metadatasharing.Item id="7" uuid="1118AAAAAAAAAAAAAAAAAAAAAAAAAAAAAAAA">
      <id>1118</id>
      <classname>org.openmrs.Concept</classname>
      <dateChanged id="8">2016-02-25 23:30:00</dateChanged>
      <retired>false</retired>
    </org.openmrs.module.metadatasharing.Item>
    <org.openmrs.module.metadatasharing.Item id="9" uuid="159427AAAAAAAAAAAAAAAAAAAAAAAAAAAAAA">
      <id>159427</id>
      <classname>org.openmrs.Concept</classname>
      <dateChanged id="10">2015-12-31 19:01:36</dateChanged>
      <retired>false</retired>
    </org.openmrs.module.metadatasharing.Item>
    <org.openmrs.module.metadatasharing.Item id="11" uuid="1301AAAAAAAAAAAAAAAAAAAAAAAAAAAAAAAA">
      <id>1301</id>
      <classname>org.openmrs.Concept</classname>
      <dateChanged id="12">2010-12-23 15:54:18</dateChanged>
      <retired>false</retired>
    </org.openmrs.module.metadatasharing.Item>
    <org.openmrs.module.metadatasharing.Item id="13" uuid="1306AAAAAAAAAAAAAAAAAAAAAAAAAAAAAAAA">
      <id>1306</id>
      <classname>org.openmrs.Concept</classname>
      <dateChanged id="14">2014-01-28 10:54:32</dateChanged>
      <retired>false</retired>
    </org.openmrs.module.metadatasharing.Item>
    <org.openmrs.module.metadatasharing.Item id="15" uuid="1425AAAAAAAAAAAAAAAAAAAAAAAAAAAAAAAA">
      <id>1425</id>
      <classname>org.openmrs.ConceptNumeric</classname>
      <dateChanged id="16">2013-01-11 15:55:14</dateChanged>
      <retired>false</retired>
    </org.openmrs.module.metadatasharing.Item>
    <org.openmrs.module.metadatasharing.Item id="17" uuid="1427AAAAAAAAAAAAAAAAAAAAAAAAAAAAAAAA">
      <id>1427</id>
      <classname>org.openmrs.Concept</classname>
      <dateChanged id="18">2016-02-20 01:52:14</dateChanged>
      <retired>false</retired>
    </org.openmrs.module.metadatasharing.Item>
    <org.openmrs.module.metadatasharing.Item id="19" uuid="160117AAAAAAAAAAAAAAAAAAAAAAAAAAAAAA">
      <id>160117</id>
      <classname>org.openmrs.Concept</classname>
      <dateChanged id="20">2011-05-28 14:44:54</dateChanged>
      <retired>false</retired>
    </org.openmrs.module.metadatasharing.Item>
    <org.openmrs.module.metadatasharing.Item id="21" uuid="299AAAAAAAAAAAAAAAAAAAAAAAAAAAAAAAAA">
      <id>299</id>
      <classname>org.openmrs.Concept</classname>
      <dateChanged id="22">2011-01-22 15:11:52</dateChanged>
      <retired>false</retired>
    </org.openmrs.module.metadatasharing.Item>
  </items>
  <relatedItems class="linked-hash-set" id="23">
    <org.openmrs.module.metadatasharing.Item id="24" uuid="8d4a4488-c2cc-11de-8d13-0010c6dffd0f">
      <id>1</id>
      <classname>org.openmrs.ConceptDatatype</classname>
      <dateChanged id="25">2004-02-01 21:00:00</dateChanged>
      <retired>false</retired>
    </org.openmrs.module.metadatasharing.Item>
    <org.openmrs.module.metadatasharing.Item id="26" uuid="8d4907b2-c2cc-11de-8d13-0010c6dffd0f">
      <id>1</id>
      <classname>org.openmrs.ConceptClass</classname>
      <dateChanged id="27">2004-02-01 21:00:00</dateChanged>
      <retired>false</retired>
    </org.openmrs.module.metadatasharing.Item>
    <org.openmrs.module.metadatasharing.Item id="28" uuid="899BBBBBBBBBBBBBBBBBBBBBBBBBBBBBBBBB">
      <id>899</id>
      <classname>org.openmrs.ConceptName</classname>
      <dateChanged id="29">2007-07-13 10:59:54</dateChanged>
    </org.openmrs.module.metadatasharing.Item>
    <org.openmrs.module.metadatasharing.Item id="30" uuid="898BBBBBBBBBBBBBBBBBBBBBBBBBBBBBBBBB">
      <id>898</id>
      <classname>org.openmrs.ConceptName</classname>
      <dateChanged id="31">2004-05-04 21:00:00</dateChanged>
    </org.openmrs.module.metadatasharing.Item>
    <org.openmrs.module.metadatasharing.Item id="32" uuid="100036BBBBBBBBBBBBBBBBBBBBBBBBBBBBBB">
      <id>100036</id>
      <classname>org.openmrs.ConceptName</classname>
      <dateChanged id="33">2005-02-18 11:58:11</dateChanged>
    </org.openmrs.module.metadatasharing.Item>
    <org.openmrs.module.metadatasharing.Item id="34" uuid="900BBBBBBBBBBBBBBBBBBBBBBBBBBBBBBBBB">
      <id>900</id>
      <classname>org.openmrs.ConceptName</classname>
      <dateChanged id="35">2008-01-15 22:49:39</dateChanged>
    </org.openmrs.module.metadatasharing.Item>
    <org.openmrs.module.metadatasharing.Item id="36" uuid="858FFFFFFFFFFFFFFFFFFFFFFFFFFFFFFFFF">
      <id>858</id>
      <classname>org.openmrs.ConceptDescription</classname>
      <dateChanged id="37">2013-12-24 01:20:42</dateChanged>
    </org.openmrs.module.metadatasharing.Item>
    <org.openmrs.module.metadatasharing.Item id="38" uuid="859FFFFFFFFFFFFFFFFFFFFFFFFFFFFFFFFF">
      <id>859</id>
      <classname>org.openmrs.ConceptDescription</classname>
      <dateChanged id="39">2013-12-24 01:20:42</dateChanged>
    </org.openmrs.module.metadatasharing.Item>
    <org.openmrs.module.metadatasharing.Item id="40" uuid="133772ABBBBBBBBBBBBBBBBBBBBBBBBBBBBB">
      <id>133772</id>
      <classname>org.openmrs.ConceptMap</classname>
      <dateChanged id="41">2010-09-30 16:34:38</dateChanged>
    </org.openmrs.module.metadatasharing.Item>
    <org.openmrs.module.metadatasharing.Item id="42" uuid="35543629-7d8c-11e1-909d-c80aa9edcf4e">
      <id>1</id>
      <classname>org.openmrs.ConceptMapType</classname>
      <dateChanged id="43">2015-03-21 21:00:00</dateChanged>
      <retired>false</retired>
    </org.openmrs.module.metadatasharing.Item>
    <org.openmrs.module.metadatasharing.Item id="44" uuid="c7285929-2cfe-30b0-bb42-32d83ce625a7">
      <id>133772</id>
      <classname>org.openmrs.ConceptReferenceTerm</classname>
      <dateChanged id="45">2010-09-29 21:00:00</dateChanged>
      <retired>false</retired>
    </org.openmrs.module.metadatasharing.Item>
    <org.openmrs.module.metadatasharing.Item id="46" uuid="2b3c054a-768a-102f-83f4-12313b04a615">
      <id>1</id>
      <classname>org.openmrs.ConceptSource</classname>
      <dateChanged id="47">2009-11-19 17:19:16</dateChanged>
      <retired>false</retired>
    </org.openmrs.module.metadatasharing.Item>
    <org.openmrs.module.metadatasharing.Item id="48" uuid="134537ABBBBBBBBBBBBBBBBBBBBBBBBBBBBB">
      <id>134537</id>
      <classname>org.openmrs.ConceptMap</classname>
      <dateChanged id="49">2010-10-24 10:09:59</dateChanged>
    </org.openmrs.module.metadatasharing.Item>
    <org.openmrs.module.metadatasharing.Item id="50" uuid="12be2b5c-efab-36b1-9745-090469148a73">
      <id>134537</id>
      <classname>org.openmrs.ConceptReferenceTerm</classname>
      <dateChanged id="51">2010-10-23 21:00:00</dateChanged>
      <retired>false</retired>
    </org.openmrs.module.metadatasharing.Item>
    <org.openmrs.module.metadatasharing.Item id="52" uuid="2b3c28ae-768a-102f-83f4-12313b04a615">
      <id>13</id>
      <classname>org.openmrs.ConceptSource</classname>
      <dateChanged id="53">2010-10-24 14:02:38</dateChanged>
      <retired>false</retired>
    </org.openmrs.module.metadatasharing.Item>
    <org.openmrs.module.metadatasharing.Item id="54" uuid="274408ABBBBBBBBBBBBBBBBBBBBBBBBBBBBB">
      <id>274408</id>
      <classname>org.openmrs.ConceptMap</classname>
      <dateChanged id="55">2013-10-01 13:20:32</dateChanged>
    </org.openmrs.module.metadatasharing.Item>
    <org.openmrs.module.metadatasharing.Item id="56" uuid="aac23646-6f12-3ee9-b012-d3d07ffa7cbf">
      <id>274408</id>
      <classname>org.openmrs.ConceptReferenceTerm</classname>
      <dateChanged id="57">2013-09-30 21:00:00</dateChanged>
      <retired>false</retired>
    </org.openmrs.module.metadatasharing.Item>
    <org.openmrs.module.metadatasharing.Item id="58" uuid="912025e5-edb1-4774-8a0c-59febe5600e4">
      <id>25</id>
      <classname>org.openmrs.ConceptSource</classname>
      <dateChanged id="59">2013-10-01 10:34:40</dateChanged>
      <retired>false</retired>
    </org.openmrs.module.metadatasharing.Item>
    <org.openmrs.module.metadatasharing.Item id="60" uuid="138125ABBBBBBBBBBBBBBBBBBBBBBBBBBBBB">
      <id>138125</id>
      <classname>org.openmrs.ConceptMap</classname>
      <dateChanged id="61">2011-01-22 15:15:01</dateChanged>
    </org.openmrs.module.metadatasharing.Item>
    <org.openmrs.module.metadatasharing.Item id="62" uuid="43ac5109-7d8c-11e1-909d-c80aa9edcf4e">
      <id>2</id>
      <classname>org.openmrs.ConceptMapType</classname>
      <dateChanged id="63">2015-03-21 21:00:00</dateChanged>
      <retired>false</retired>
    </org.openmrs.module.metadatasharing.Item>
    <org.openmrs.module.metadatasharing.Item id="64" uuid="2e47a031-2bef-3eff-92da-acc8065c596a">
      <id>138125</id>
      <classname>org.openmrs.ConceptReferenceTerm</classname>
      <dateChanged id="65">2011-01-21 21:00:00</dateChanged>
      <retired>false</retired>
    </org.openmrs.module.metadatasharing.Item>
    <org.openmrs.module.metadatasharing.Item id="66" uuid="2b3c1ff8-768a-102f-83f4-12313b04a615">
      <id>6</id>
      <classname>org.openmrs.ConceptSource</classname>
      <dateChanged id="67">2010-04-25 08:14:13</dateChanged>
      <retired>false</retired>
    </org.openmrs.module.metadatasharing.Item>
    <org.openmrs.module.metadatasharing.Item id="68" uuid="171199ABBBBBBBBBBBBBBBBBBBBBBBBBBBBB">
      <id>171199</id>
      <classname>org.openmrs.ConceptMap</classname>
      <dateChanged id="69">2013-07-03 15:53:08</dateChanged>
    </org.openmrs.module.metadatasharing.Item>
    <org.openmrs.module.metadatasharing.Item id="70" uuid="17faccd0-7230-3337-92e8-7cf897089566">
      <id>171199</id>
      <classname>org.openmrs.ConceptReferenceTerm</classname>
      <dateChanged id="71">2013-07-02 21:00:00</dateChanged>
      <retired>false</retired>
    </org.openmrs.module.metadatasharing.Item>
    <org.openmrs.module.metadatasharing.Item id="72" uuid="249b13c8-72fa-4b96-8d3d-b200efed985e">
      <id>21</id>
      <classname>org.openmrs.ConceptSource</classname>
      <dateChanged id="73">2013-07-03 12:55:03</dateChanged>
      <retired>false</retired>
    </org.openmrs.module.metadatasharing.Item>
    <org.openmrs.module.metadatasharing.Item id="74" uuid="8d4a4c94-c2cc-11de-8d13-0010c6dffd0f">
      <id>4</id>
      <classname>org.openmrs.ConceptDatatype</classname>
      <dateChanged id="75">2004-02-01 21:00:00</dateChanged>
      <retired>false</retired>
    </org.openmrs.module.metadatasharing.Item>
    <org.openmrs.module.metadatasharing.Item id="76" uuid="8d492774-c2cc-11de-8d13-0010c6dffd0f">
      <id>11</id>
      <classname>org.openmrs.ConceptClass</classname>
      <dateChanged id="77">2004-03-01 21:00:00</dateChanged>
      <retired>false</retired>
    </org.openmrs.module.metadatasharing.Item>
    <org.openmrs.module.metadatasharing.Item id="78" uuid="135718BBBBBBBBBBBBBBBBBBBBBBBBBBBBBB">
      <id>135718</id>
      <classname>org.openmrs.ConceptName</classname>
      <dateChanged id="79">2016-02-25 23:30:00</dateChanged>
    </org.openmrs.module.metadatasharing.Item>
    <org.openmrs.module.metadatasharing.Item id="80" uuid="135717BBBBBBBBBBBBBBBBBBBBBBBBBBBBBB">
      <id>135717</id>
      <classname>org.openmrs.ConceptName</classname>
      <dateChanged id="81">2016-02-25 23:30:00</dateChanged>
    </org.openmrs.module.metadatasharing.Item>
    <org.openmrs.module.metadatasharing.Item id="82" uuid="1193BBBBBBBBBBBBBBBBBBBBBBBBBBBBBBBB">
      <id>1193</id>
      <classname>org.openmrs.ConceptName</classname>
      <dateChanged id="83">2005-01-11 21:00:00</dateChanged>
    </org.openmrs.module.metadatasharing.Item>
    <org.openmrs.module.metadatasharing.Item id="84" uuid="1121FFFFFFFFFFFFFFFFFFFFFFFFFFFFFFFF">
      <id>1121</id>
      <classname>org.openmrs.ConceptDescription</classname>
      <dateChanged id="85">2016-02-25 23:30:00</dateChanged>
    </org.openmrs.module.metadatasharing.Item>
    <org.openmrs.module.metadatasharing.Item id="86" uuid="171380ABBBBBBBBBBBBBBBBBBBBBBBBBBBBB">
      <id>171380</id>
      <classname>org.openmrs.ConceptMap</classname>
      <dateChanged id="87">2013-07-03 15:53:08</dateChanged>
    </org.openmrs.module.metadatasharing.Item>
    <org.openmrs.module.metadatasharing.Item id="88" uuid="e2931dd7-62b2-3589-84b6-1c5a5662bbbc">
      <id>171380</id>
      <classname>org.openmrs.ConceptReferenceTerm</classname>
      <dateChanged id="89">2013-07-02 21:00:00</dateChanged>
      <retired>false</retired>
    </org.openmrs.module.metadatasharing.Item>
    <org.openmrs.module.metadatasharing.Item id="90" uuid="136899ABBBBBBBBBBBBBBBBBBBBBBBBBBBBB">
      <id>136899</id>
      <classname>org.openmrs.ConceptMap</classname>
      <dateChanged id="91">2010-11-24 11:58:30</dateChanged>
    </org.openmrs.module.metadatasharing.Item>
    <org.openmrs.module.metadatasharing.Item id="92" uuid="b5ca216e-bb69-313f-8a85-55db8f3f032c">
      <id>136899</id>
      <classname>org.openmrs.ConceptReferenceTerm</classname>
      <dateChanged id="93">2010-11-23 21:00:00</dateChanged>
      <retired>false</retired>
    </org.openmrs.module.metadatasharing.Item>
    <org.openmrs.module.metadatasharing.Item id="94" uuid="133316ABBBBBBBBBBBBBBBBBBBBBBBBBBBBB">
      <id>133316</id>
      <classname>org.openmrs.ConceptMap</classname>
      <dateChanged id="95">2010-09-20 14:27:10</dateChanged>
    </org.openmrs.module.metadatasharing.Item>
    <org.openmrs.module.metadatasharing.Item id="96" uuid="355fc61c-d6b8-3fc8-b327-b502fc188968">
      <id>133316</id>
      <classname>org.openmrs.ConceptReferenceTerm</classname>
      <dateChanged id="97">2010-09-19 21:00:00</dateChanged>
      <retired>false</retired>
    </org.openmrs.module.metadatasharing.Item>
    <org.openmrs.module.metadatasharing.Item id="98" uuid="fb9aaaf1-65e2-4c18-b53c-16b575f2f385">
      <id>11</id>
      <classname>org.openmrs.ConceptSource</classname>
      <dateChanged id="99">2010-08-02 22:50:49</dateChanged>
      <retired>false</retired>
    </org.openmrs.module.metadatasharing.Item>
    <org.openmrs.module.metadatasharing.Item id="100" uuid="134791ABBBBBBBBBBBBBBBBBBBBBBBBBBBBB">
      <id>134791</id>
      <classname>org.openmrs.ConceptMap</classname>
      <dateChanged id="101">2010-10-24 10:09:59</dateChanged>
    </org.openmrs.module.metadatasharing.Item>
    <org.openmrs.module.metadatasharing.Item id="102" uuid="3bbfd5d4-ee48-38d3-9660-0693d0aee646">
      <id>134791</id>
      <classname>org.openmrs.ConceptReferenceTerm</classname>
      <dateChanged id="103">2010-10-23 21:00:00</dateChanged>
      <retired>false</retired>
    </org.openmrs.module.metadatasharing.Item>
    <org.openmrs.module.metadatasharing.Item id="104" uuid="8d4a48b6-c2cc-11de-8d13-0010c6dffd0f">
      <id>2</id>
      <classname>org.openmrs.ConceptDatatype</classname>
      <dateChanged id="105">2004-02-01 21:00:00</dateChanged>
      <retired>false</retired>
    </org.openmrs.module.metadatasharing.Item>
    <org.openmrs.module.metadatasharing.Item id="106" uuid="8d491a9a-c2cc-11de-8d13-0010c6dffd0f">
      <id>5</id>
      <classname>org.openmrs.ConceptClass</classname>
      <dateChanged id="107">2004-03-01 21:00:00</dateChanged>
      <retired>false</retired>
    </org.openmrs.module.metadatasharing.Item>
    <org.openmrs.module.metadatasharing.Item id="108" uuid="106513BBBBBBBBBBBBBBBBBBBBBBBBBBBBBB">
      <id>106513</id>
      <classname>org.openmrs.ConceptName</classname>
      <dateChanged id="109">2010-08-25 16:13:10</dateChanged>
    </org.openmrs.module.metadatasharing.Item>
    <org.openmrs.module.metadatasharing.Item id="110" uuid="135350BBBBBBBBBBBBBBBBBBBBBBBBBBBBBB">
      <id>135350</id>
      <classname>org.openmrs.ConceptName</classname>
      <dateChanged id="111">2015-12-31 19:01:36</dateChanged>
    </org.openmrs.module.metadatasharing.Item>
    <org.openmrs.module.metadatasharing.Item id="112" uuid="135349BBBBBBBBBBBBBBBBBBBBBBBBBBBBBB">
      <id>135349</id>
      <classname>org.openmrs.ConceptName</classname>
      <dateChanged id="113">2015-12-31 19:01:36</dateChanged>
    </org.openmrs.module.metadatasharing.Item>
    <org.openmrs.module.metadatasharing.Item id="114" uuid="2239CCCCCCCCCCCCCCCCCCCCCCCCCCCCCCCC">
      <id>2239</id>
      <classname>org.openmrs.ConceptAnswer</classname>
      <dateChanged id="115">2010-08-25 16:30:37</dateChanged>
    </org.openmrs.module.metadatasharing.Item>
    <org.openmrs.module.metadatasharing.Item id="116" uuid="1138AAAAAAAAAAAAAAAAAAAAAAAAAAAAAAAA">
      <id>1138</id>
      <classname>org.openmrs.Concept</classname>
      <dateChanged id="117">2016-04-07 01:12:52</dateChanged>
      <retired>false</retired>
    </org.openmrs.module.metadatasharing.Item>
    <org.openmrs.module.metadatasharing.Item id="118" uuid="1213BBBBBBBBBBBBBBBBBBBBBBBBBBBBBBBB">
      <id>1213</id>
      <classname>org.openmrs.ConceptName</classname>
      <dateChanged id="119">2005-01-25 21:00:00</dateChanged>
    </org.openmrs.module.metadatasharing.Item>
    <org.openmrs.module.metadatasharing.Item id="120" uuid="136075BBBBBBBBBBBBBBBBBBBBBBBBBBBBBB">
      <id>136075</id>
      <classname>org.openmrs.ConceptName</classname>
      <dateChanged id="121">2016-04-07 01:12:52</dateChanged>
    </org.openmrs.module.metadatasharing.Item>
    <org.openmrs.module.metadatasharing.Item id="122" uuid="110118BBBBBBBBBBBBBBBBBBBBBBBBBBBBBB">
      <id>110118</id>
      <classname>org.openmrs.ConceptName</classname>
      <dateChanged id="123">2012-08-10 16:24:58</dateChanged>
    </org.openmrs.module.metadatasharing.Item>
    <org.openmrs.module.metadatasharing.Item id="124" uuid="1214BBBBBBBBBBBBBBBBBBBBBBBBBBBBBBBB">
      <id>1214</id>
      <classname>org.openmrs.ConceptName</classname>
      <dateChanged id="125">2007-08-27 07:47:00</dateChanged>
    </org.openmrs.module.metadatasharing.Item>
    <org.openmrs.module.metadatasharing.Item id="126" uuid="1141FFFFFFFFFFFFFFFFFFFFFFFFFFFFFFFF">
      <id>1141</id>
      <classname>org.openmrs.ConceptDescription</classname>
      <dateChanged id="127">2016-04-07 01:12:52</dateChanged>
    </org.openmrs.module.metadatasharing.Item>
    <org.openmrs.module.metadatasharing.Item id="128" uuid="137309ABBBBBBBBBBBBBBBBBBBBBBBBBBBBB">
      <id>137309</id>
      <classname>org.openmrs.ConceptMap</classname>
      <dateChanged id="129">2010-12-22 12:04:12</dateChanged>
    </org.openmrs.module.metadatasharing.Item>
    <org.openmrs.module.metadatasharing.Item id="130" uuid="becc690c-fdd3-3161-9c3a-b363633f0e1a">
      <id>137309</id>
      <classname>org.openmrs.ConceptReferenceTerm</classname>
      <dateChanged id="131">2010-12-21 21:00:00</dateChanged>
      <retired>false</retired>
    </org.openmrs.module.metadatasharing.Item>
    <org.openmrs.module.metadatasharing.Item id="132" uuid="134811ABBBBBBBBBBBBBBBBBBBBBBBBBBBBB">
      <id>134811</id>
      <classname>org.openmrs.ConceptMap</classname>
      <dateChanged id="133">2010-10-24 10:09:59</dateChanged>
    </org.openmrs.module.metadatasharing.Item>
    <org.openmrs.module.metadatasharing.Item id="134" uuid="9da0de3f-64b6-3e12-b4c2-a2ae4de083a3">
      <id>134811</id>
      <classname>org.openmrs.ConceptReferenceTerm</classname>
      <dateChanged id="135">2010-10-23 21:00:00</dateChanged>
      <retired>false</retired>
    </org.openmrs.module.metadatasharing.Item>
    <org.openmrs.module.metadatasharing.Item id="136" uuid="171399ABBBBBBBBBBBBBBBBBBBBBBBBBBBBB">
      <id>171399</id>
      <classname>org.openmrs.ConceptMap</classname>
      <dateChanged id="137">2013-07-03 15:53:08</dateChanged>
    </org.openmrs.module.metadatasharing.Item>
    <org.openmrs.module.metadatasharing.Item id="138" uuid="2c4f42f2-533c-3e86-bee3-091b983d22d0">
      <id>171399</id>
      <classname>org.openmrs.ConceptReferenceTerm</classname>
      <dateChanged id="139">2013-07-02 21:00:00</dateChanged>
      <retired>false</retired>
    </org.openmrs.module.metadatasharing.Item>
    <org.openmrs.module.metadatasharing.Item id="140" uuid="2240CCCCCCCCCCCCCCCCCCCCCCCCCCCCCCCC">
      <id>2240</id>
      <classname>org.openmrs.ConceptAnswer</classname>
      <dateChanged id="141">2010-08-25 16:30:37</dateChanged>
    </org.openmrs.module.metadatasharing.Item>
    <org.openmrs.module.metadatasharing.Item id="142" uuid="664AAAAAAAAAAAAAAAAAAAAAAAAAAAAAAAAA">
      <id>664</id>
      <classname>org.openmrs.Concept</classname>
      <dateChanged id="143">2012-08-10 16:14:26</dateChanged>
      <retired>false</retired>
    </org.openmrs.module.metadatasharing.Item>
    <org.openmrs.module.metadatasharing.Item id="144" uuid="87080BBBBBBBBBBBBBBBBBBBBBBBBBBBBBBB">
      <id>87080</id>
      <classname>org.openmrs.ConceptName</classname>
      <dateChanged id="145">2004-12-01 21:00:00</dateChanged>
    </org.openmrs.module.metadatasharing.Item>
    <org.openmrs.module.metadatasharing.Item id="146" uuid="696BBBBBBBBBBBBBBBBBBBBBBBBBBBBBBBBB">
      <id>696</id>
      <classname>org.openmrs.ConceptName</classname>
      <dateChanged id="147">2003-12-31 21:00:00</dateChanged>
    </org.openmrs.module.metadatasharing.Item>
    <org.openmrs.module.metadatasharing.Item id="148" uuid="87074BBBBBBBBBBBBBBBBBBBBBBBBBBBBBBB">
      <id>87074</id>
      <classname>org.openmrs.ConceptName</classname>
      <dateChanged id="149">2004-12-01 21:00:00</dateChanged>
    </org.openmrs.module.metadatasharing.Item>
    <org.openmrs.module.metadatasharing.Item id="150" uuid="697BBBBBBBBBBBBBBBBBBBBBBBBBBBBBBBBB">
      <id>697</id>
      <classname>org.openmrs.ConceptName</classname>
      <dateChanged id="151">2007-07-13 12:10:12</dateChanged>
    </org.openmrs.module.metadatasharing.Item>
    <org.openmrs.module.metadatasharing.Item id="152" uuid="108331BBBBBBBBBBBBBBBBBBBBBBBBBBBBBB">
      <id>108331</id>
      <classname>org.openmrs.ConceptName</classname>
      <dateChanged id="153">2012-03-04 15:57:43</dateChanged>
    </org.openmrs.module.metadatasharing.Item>
    <org.openmrs.module.metadatasharing.Item id="154" uuid="108330BBBBBBBBBBBBBBBBBBBBBBBBBBBBBB">
      <id>108330</id>
      <classname>org.openmrs.ConceptName</classname>
      <dateChanged id="155">2012-03-04 15:57:43</dateChanged>
    </org.openmrs.module.metadatasharing.Item>
    <org.openmrs.module.metadatasharing.Item id="156" uuid="110112BBBBBBBBBBBBBBBBBBBBBBBBBBBBBB">
      <id>110112</id>
      <classname>org.openmrs.ConceptName</classname>
      <dateChanged id="157">2012-08-10 16:14:26</dateChanged>
    </org.openmrs.module.metadatasharing.Item>
    <org.openmrs.module.metadatasharing.Item id="158" uuid="108332BBBBBBBBBBBBBBBBBBBBBBBBBBBBBB">
      <id>108332</id>
      <classname>org.openmrs.ConceptName</classname>
      <dateChanged id="159">2012-03-04 15:57:43</dateChanged>
    </org.openmrs.module.metadatasharing.Item>
    <org.openmrs.module.metadatasharing.Item id="160" uuid="95210BBBBBBBBBBBBBBBBBBBBBBBBBBBBBBB">
      <id>95210</id>
      <classname>org.openmrs.ConceptName</classname>
      <dateChanged id="161">2004-10-19 21:00:00</dateChanged>
    </org.openmrs.module.metadatasharing.Item>
    <org.openmrs.module.metadatasharing.Item id="162" uuid="108329BBBBBBBBBBBBBBBBBBBBBBBBBBBBBB">
      <id>108329</id>
      <classname>org.openmrs.ConceptName</classname>
      <dateChanged id="163">2012-03-04 15:57:43</dateChanged>
    </org.openmrs.module.metadatasharing.Item>
    <org.openmrs.module.metadatasharing.Item id="164" uuid="664FFFFFFFFFFFFFFFFFFFFFFFFFFFFFFFFF">
      <id>664</id>
      <classname>org.openmrs.ConceptDescription</classname>
      <dateChanged id="165">2012-08-10 16:14:26</dateChanged>
    </org.openmrs.module.metadatasharing.Item>
    <org.openmrs.module.metadatasharing.Item id="166" uuid="137847ABBBBBBBBBBBBBBBBBBBBBBBBBBBBB">
      <id>137847</id>
      <classname>org.openmrs.ConceptMap</classname>
      <dateChanged id="167">2011-01-17 11:30:25</dateChanged>
    </org.openmrs.module.metadatasharing.Item>
    <org.openmrs.module.metadatasharing.Item id="168" uuid="371705d3-874b-3578-a1a5-49abf402cca9">
      <id>137847</id>
      <classname>org.openmrs.ConceptReferenceTerm</classname>
      <dateChanged id="169">2011-01-16 21:00:00</dateChanged>
      <retired>false</retired>
    </org.openmrs.module.metadatasharing.Item>
    <org.openmrs.module.metadatasharing.Item id="170" uuid="ddb6b595-0b85-4a80-9243-efe4ba404eef">
      <id>15</id>
      <classname>org.openmrs.ConceptSource</classname>
      <dateChanged id="171">2010-12-15 11:00:37</dateChanged>
      <retired>false</retired>
    </org.openmrs.module.metadatasharing.Item>
    <org.openmrs.module.metadatasharing.Item id="172" uuid="134375ABBBBBBBBBBBBBBBBBBBBBBBBBBBBB">
      <id>134375</id>
      <classname>org.openmrs.ConceptMap</classname>
      <dateChanged id="173">2010-10-24 10:09:59</dateChanged>
    </org.openmrs.module.metadatasharing.Item>
    <org.openmrs.module.metadatasharing.Item id="174" uuid="60a6399e-3b1b-35f7-ba68-6ee53827d969">
      <id>134375</id>
      <classname>org.openmrs.ConceptReferenceTerm</classname>
      <dateChanged id="175">2010-10-23 21:00:00</dateChanged>
      <retired>false</retired>
    </org.openmrs.module.metadatasharing.Item>
    <org.openmrs.module.metadatasharing.Item id="176" uuid="171135ABBBBBBBBBBBBBBBBBBBBBBBBBBBBB">
      <id>171135</id>
      <classname>org.openmrs.ConceptMap</classname>
      <dateChanged id="177">2013-07-03 15:53:08</dateChanged>
    </org.openmrs.module.metadatasharing.Item>
    <org.openmrs.module.metadatasharing.Item id="178" uuid="4ed9f7ac-ae89-34a3-a15d-f7563f9af7b9">
      <id>171135</id>
      <classname>org.openmrs.ConceptReferenceTerm</classname>
      <dateChanged id="179">2013-07-02 21:00:00</dateChanged>
      <retired>false</retired>
    </org.openmrs.module.metadatasharing.Item>
    <org.openmrs.module.metadatasharing.Item id="180" uuid="134376ABBBBBBBBBBBBBBBBBBBBBBBBBBBBB">
      <id>134376</id>
      <classname>org.openmrs.ConceptMap</classname>
      <dateChanged id="181">2010-10-24 10:09:59</dateChanged>
    </org.openmrs.module.metadatasharing.Item>
    <org.openmrs.module.metadatasharing.Item id="182" uuid="468974d1-05ed-3ff2-9db9-7f5b3a8d35fa">
      <id>134376</id>
      <classname>org.openmrs.ConceptReferenceTerm</classname>
      <dateChanged id="183">2010-10-23 21:00:00</dateChanged>
      <retired>false</retired>
    </org.openmrs.module.metadatasharing.Item>
    <org.openmrs.module.metadatasharing.Item id="184" uuid="143587ABBBBBBBBBBBBBBBBBBBBBBBBBBBBB">
      <id>143587</id>
      <classname>org.openmrs.ConceptMap</classname>
      <dateChanged id="185">2011-05-17 13:43:33</dateChanged>
    </org.openmrs.module.metadatasharing.Item>
    <org.openmrs.module.metadatasharing.Item id="186" uuid="2676fd8d-8614-36de-8cc0-0864af2eb7e2">
      <id>143587</id>
      <classname>org.openmrs.ConceptReferenceTerm</classname>
      <dateChanged id="187">2011-05-16 21:00:00</dateChanged>
      <retired>false</retired>
    </org.openmrs.module.metadatasharing.Item>
    <org.openmrs.module.metadatasharing.Item id="188" uuid="133725ABBBBBBBBBBBBBBBBBBBBBBBBBBBBB">
      <id>133725</id>
      <classname>org.openmrs.ConceptMap</classname>
      <dateChanged id="189">2010-09-30 11:37:19</dateChanged>
    </org.openmrs.module.metadatasharing.Item>
    <org.openmrs.module.metadatasharing.Item id="190" uuid="2e2c14de-f88c-396b-a102-b955eeb4159b">
      <id>133686</id>
      <classname>org.openmrs.ConceptReferenceTerm</classname>
      <dateChanged id="191">2010-09-28 21:00:00</dateChanged>
      <retired>false</retired>
    </org.openmrs.module.metadatasharing.Item>
    <org.openmrs.module.metadatasharing.Item id="192" uuid="2241CCCCCCCCCCCCCCCCCCCCCCCCCCCCCCCC">
      <id>2241</id>
      <classname>org.openmrs.ConceptAnswer</classname>
      <dateChanged id="193">2010-08-25 16:30:37</dateChanged>
    </org.openmrs.module.metadatasharing.Item>
    <org.openmrs.module.metadatasharing.Item id="194" uuid="703AAAAAAAAAAAAAAAAAAAAAAAAAAAAAAAAA">
      <id>703</id>
      <classname>org.openmrs.Concept</classname>
      <dateChanged id="195">2012-08-10 16:13:43</dateChanged>
      <retired>false</retired>
    </org.openmrs.module.metadatasharing.Item>
    <org.openmrs.module.metadatasharing.Item id="196" uuid="110111BBBBBBBBBBBBBBBBBBBBBBBBBBBBBB">
      <id>110111</id>
      <classname>org.openmrs.ConceptName</classname>
      <dateChanged id="197">2012-08-10 16:13:43</dateChanged>
    </org.openmrs.module.metadatasharing.Item>
    <org.openmrs.module.metadatasharing.Item id="198" uuid="737BBBBBBBBBBBBBBBBBBBBBBBBBBBBBBBBB">
      <id>737</id>
      <classname>org.openmrs.ConceptName</classname>
      <dateChanged id="199">2003-12-31 21:00:00</dateChanged>
    </org.openmrs.module.metadatasharing.Item>
    <org.openmrs.module.metadatasharing.Item id="200" uuid="738BBBBBBBBBBBBBBBBBBBBBBBBBBBBBBBBB">
      <id>738</id>
      <classname>org.openmrs.ConceptName</classname>
      <dateChanged id="201">2007-07-13 12:22:14</dateChanged>
    </org.openmrs.module.metadatasharing.Item>
    <org.openmrs.module.metadatasharing.Item id="202" uuid="108313BBBBBBBBBBBBBBBBBBBBBBBBBBBBBB">
      <id>108313</id>
      <classname>org.openmrs.ConceptName</classname>
      <dateChanged id="203">2012-03-02 14:04:50</dateChanged>
    </org.openmrs.module.metadatasharing.Item>
    <org.openmrs.module.metadatasharing.Item id="204" uuid="106895BBBBBBBBBBBBBBBBBBBBBBBBBBBBBB">
      <id>106895</id>
      <classname>org.openmrs.ConceptName</classname>
      <dateChanged id="205">2010-10-24 12:52:07</dateChanged>
    </org.openmrs.module.metadatasharing.Item>
    <org.openmrs.module.metadatasharing.Item id="206" uuid="96670BBBBBBBBBBBBBBBBBBBBBBBBBBBBBBB">
      <id>96670</id>
      <classname>org.openmrs.ConceptName</classname>
      <dateChanged id="207">2004-10-19 21:00:00</dateChanged>
    </org.openmrs.module.metadatasharing.Item>
    <org.openmrs.module.metadatasharing.Item id="208" uuid="87073BBBBBBBBBBBBBBBBBBBBBBBBBBBBBBB">
      <id>87073</id>
      <classname>org.openmrs.ConceptName</classname>
      <dateChanged id="209">2004-12-01 21:00:00</dateChanged>
    </org.openmrs.module.metadatasharing.Item>
    <org.openmrs.module.metadatasharing.Item id="210" uuid="108315BBBBBBBBBBBBBBBBBBBBBBBBBBBBBB">
      <id>108315</id>
      <classname>org.openmrs.ConceptName</classname>
      <dateChanged id="211">2012-03-02 14:04:50</dateChanged>
    </org.openmrs.module.metadatasharing.Item>
    <org.openmrs.module.metadatasharing.Item id="212" uuid="108314BBBBBBBBBBBBBBBBBBBBBBBBBBBBBB">
      <id>108314</id>
      <classname>org.openmrs.ConceptName</classname>
      <dateChanged id="213">2012-03-02 14:04:50</dateChanged>
    </org.openmrs.module.metadatasharing.Item>
    <org.openmrs.module.metadatasharing.Item id="214" uuid="108312BBBBBBBBBBBBBBBBBBBBBBBBBBBBBB">
      <id>108312</id>
      <classname>org.openmrs.ConceptName</classname>
      <dateChanged id="215">2012-03-02 14:04:50</dateChanged>
    </org.openmrs.module.metadatasharing.Item>
    <org.openmrs.module.metadatasharing.Item id="216" uuid="87075BBBBBBBBBBBBBBBBBBBBBBBBBBBBBBB">
      <id>87075</id>
      <classname>org.openmrs.ConceptName</classname>
      <dateChanged id="217">2004-12-01 21:00:00</dateChanged>
    </org.openmrs.module.metadatasharing.Item>
    <org.openmrs.module.metadatasharing.Item id="218" uuid="108316BBBBBBBBBBBBBBBBBBBBBBBBBBBBBB">
      <id>108316</id>
      <classname>org.openmrs.ConceptName</classname>
      <dateChanged id="219">2012-03-02 14:04:50</dateChanged>
    </org.openmrs.module.metadatasharing.Item>
    <org.openmrs.module.metadatasharing.Item id="220" uuid="703FFFFFFFFFFFFFFFFFFFFFFFFFFFFFFFFF">
      <id>703</id>
      <classname>org.openmrs.ConceptDescription</classname>
      <dateChanged id="221">2012-08-10 16:13:43</dateChanged>
    </org.openmrs.module.metadatasharing.Item>
    <org.openmrs.module.metadatasharing.Item id="222" uuid="171151ABBBBBBBBBBBBBBBBBBBBBBBBBBBBB">
      <id>171151</id>
      <classname>org.openmrs.ConceptMap</classname>
      <dateChanged id="223">2013-07-03 15:53:08</dateChanged>
    </org.openmrs.module.metadatasharing.Item>
    <org.openmrs.module.metadatasharing.Item id="224" uuid="d6cf4393-8bc2-3fa9-8aef-5e966df06586">
      <id>171151</id>
      <classname>org.openmrs.ConceptReferenceTerm</classname>
      <dateChanged id="225">2013-07-02 21:00:00</dateChanged>
      <retired>false</retired>
    </org.openmrs.module.metadatasharing.Item>
    <org.openmrs.module.metadatasharing.Item id="226" uuid="134410ABBBBBBBBBBBBBBBBBBBBBBBBBBBBB">
      <id>134410</id>
      <classname>org.openmrs.ConceptMap</classname>
      <dateChanged id="227">2010-10-24 10:09:59</dateChanged>
    </org.openmrs.module.metadatasharing.Item>
    <org.openmrs.module.metadatasharing.Item id="228" uuid="b44821a5-8cbf-3ce7-a253-e02b3103d7b4">
      <id>134410</id>
      <classname>org.openmrs.ConceptReferenceTerm</classname>
      <dateChanged id="229">2010-10-23 21:00:00</dateChanged>
      <retired>false</retired>
    </org.openmrs.module.metadatasharing.Item>
    <org.openmrs.module.metadatasharing.Item id="230" uuid="133196ABBBBBBBBBBBBBBBBBBBBBBBBBBBBB">
      <id>133196</id>
      <classname>org.openmrs.ConceptMap</classname>
      <dateChanged id="231">2010-09-20 14:27:10</dateChanged>
    </org.openmrs.module.metadatasharing.Item>
    <org.openmrs.module.metadatasharing.Item id="232" uuid="ca183449-7a70-339f-81dd-d4b72cd9d068">
      <id>133196</id>
      <classname>org.openmrs.ConceptReferenceTerm</classname>
      <dateChanged id="233">2010-09-19 21:00:00</dateChanged>
      <retired>false</retired>
    </org.openmrs.module.metadatasharing.Item>
    <org.openmrs.module.metadatasharing.Item id="234" uuid="134409ABBBBBBBBBBBBBBBBBBBBBBBBBBBBB">
      <id>134409</id>
      <classname>org.openmrs.ConceptMap</classname>
      <dateChanged id="235">2010-10-24 10:09:59</dateChanged>
    </org.openmrs.module.metadatasharing.Item>
    <org.openmrs.module.metadatasharing.Item id="236" uuid="f7ea97d1-9888-3da7-8dfd-68950adb3ffe">
      <id>134409</id>
      <classname>org.openmrs.ConceptReferenceTerm</classname>
      <dateChanged id="237">2010-10-23 21:00:00</dateChanged>
      <retired>false</retired>
    </org.openmrs.module.metadatasharing.Item>
    <org.openmrs.module.metadatasharing.Item id="238" uuid="143726ABBBBBBBBBBBBBBBBBBBBBBBBBBBBB">
      <id>143726</id>
      <classname>org.openmrs.ConceptMap</classname>
      <dateChanged id="239">2011-06-01 13:30:00</dateChanged>
    </org.openmrs.module.metadatasharing.Item>
    <org.openmrs.module.metadatasharing.Item id="240" uuid="3f33d629-595b-3d6e-b0b7-5b3113629265">
      <id>143726</id>
      <classname>org.openmrs.ConceptReferenceTerm</classname>
      <dateChanged id="241">2011-05-31 21:00:00</dateChanged>
      <retired>false</retired>
    </org.openmrs.module.metadatasharing.Item>
    <org.openmrs.module.metadatasharing.Item id="242" uuid="133595ABBBBBBBBBBBBBBBBBBBBBBBBBBBBB">
      <id>133595</id>
      <classname>org.openmrs.ConceptMap</classname>
      <dateChanged id="243">2010-09-20 18:35:38</dateChanged>
    </org.openmrs.module.metadatasharing.Item>
    <org.openmrs.module.metadatasharing.Item id="244" uuid="1163db8c-017c-35a8-bcde-00fe8c42fb3c">
      <id>133595</id>
      <classname>org.openmrs.ConceptReferenceTerm</classname>
      <dateChanged id="245">2010-09-19 21:00:00</dateChanged>
      <retired>false</retired>
    </org.openmrs.module.metadatasharing.Item>
    <org.openmrs.module.metadatasharing.Item id="246" uuid="16059FFFFFFFFFFFFFFFFFFFFFFFFFFFFFFF">
      <id>16059</id>
      <classname>org.openmrs.ConceptDescription</classname>
      <dateChanged id="247">2015-12-31 19:01:36</dateChanged>
    </org.openmrs.module.metadatasharing.Item>
    <org.openmrs.module.metadatasharing.Item id="248" uuid="137871ABBBBBBBBBBBBBBBBBBBBBBBBBBBBB">
      <id>137871</id>
      <classname>org.openmrs.ConceptMap</classname>
      <dateChanged id="249">2011-01-17 12:25:41</dateChanged>
    </org.openmrs.module.metadatasharing.Item>
    <org.openmrs.module.metadatasharing.Item id="250" uuid="96a68632-5231-3227-8b76-532ba3a1959e">
      <id>137871</id>
      <classname>org.openmrs.ConceptReferenceTerm</classname>
      <dateChanged id="251">2011-01-16 21:00:00</dateChanged>
      <retired>false</retired>
    </org.openmrs.module.metadatasharing.Item>
    <org.openmrs.module.metadatasharing.Item id="252" uuid="216583ABBBBBBBBBBBBBBBBBBBBBBBBBBBBB">
      <id>216583</id>
      <classname>org.openmrs.ConceptMap</classname>
      <dateChanged id="253">2013-07-03 15:53:08</dateChanged>
    </org.openmrs.module.metadatasharing.Item>
    <org.openmrs.module.metadatasharing.Item id="254" uuid="d6353ba8-12c1-3488-b087-7e4f87bb8387">
      <id>216583</id>
      <classname>org.openmrs.ConceptReferenceTerm</classname>
      <dateChanged id="255">2013-07-02 21:00:00</dateChanged>
      <retired>false</retired>
    </org.openmrs.module.metadatasharing.Item>
    <org.openmrs.module.metadatasharing.Item id="256" uuid="137872ABBBBBBBBBBBBBBBBBBBBBBBBBBBBB">
      <id>137872</id>
      <classname>org.openmrs.ConceptMap</classname>
      <dateChanged id="257">2011-01-17 12:25:41</dateChanged>
    </org.openmrs.module.metadatasharing.Item>
    <org.openmrs.module.metadatasharing.Item id="258" uuid="8bfd25d5-7bd1-327b-982b-0cc212a9c37e">
      <id>137872</id>
      <classname>org.openmrs.ConceptReferenceTerm</classname>
      <dateChanged id="259">2011-01-16 21:00:00</dateChanged>
      <retired>false</retired>
    </org.openmrs.module.metadatasharing.Item>
    <org.openmrs.module.metadatasharing.Item id="260" uuid="2b3c09b4-768a-102f-83f4-12313b04a615">
      <id>2</id>
      <classname>org.openmrs.ConceptSource</classname>
      <dateChanged id="261">2010-04-25 08:12:44</dateChanged>
      <retired>false</retired>
    </org.openmrs.module.metadatasharing.Item>
    <org.openmrs.module.metadatasharing.Item id="262" uuid="141775ABBBBBBBBBBBBBBBBBBBBBBBBBBBBB">
      <id>141775</id>
      <classname>org.openmrs.ConceptMap</classname>
      <dateChanged id="263">2011-02-12 16:51:58</dateChanged>
    </org.openmrs.module.metadatasharing.Item>
    <org.openmrs.module.metadatasharing.Item id="264" uuid="2314a326-2f11-3651-a431-c75219da61c8">
      <id>141775</id>
      <classname>org.openmrs.ConceptReferenceTerm</classname>
      <dateChanged id="265">2011-02-11 21:00:00</dateChanged>
      <retired>false</retired>
    </org.openmrs.module.metadatasharing.Item>
    <org.openmrs.module.metadatasharing.Item id="266" uuid="2b3c2a2a-768a-102f-83f4-12313b04a615">
      <id>14</id>
      <classname>org.openmrs.ConceptSource</classname>
      <dateChanged id="267">2010-12-03 15:18:39</dateChanged>
      <retired>false</retired>
    </org.openmrs.module.metadatasharing.Item>
    <org.openmrs.module.metadatasharing.Item id="268" uuid="132840ABBBBBBBBBBBBBBBBBBBBBBBBBBBBB">
      <id>132840</id>
      <classname>org.openmrs.ConceptMap</classname>
      <dateChanged id="269">2010-08-25 16:13:10</dateChanged>
    </org.openmrs.module.metadatasharing.Item>
    <org.openmrs.module.metadatasharing.Item id="270" uuid="28fc29e9-781a-337e-9764-38bba9d2afd5">
      <id>132840</id>
      <classname>org.openmrs.ConceptReferenceTerm</classname>
      <dateChanged id="271">2010-08-24 21:00:00</dateChanged>
      <retired>false</retired>
    </org.openmrs.module.metadatasharing.Item>
    <org.openmrs.module.metadatasharing.Item id="272" uuid="1388BBBBBBBBBBBBBBBBBBBBBBBBBBBBBBBB">
      <id>1388</id>
      <classname>org.openmrs.ConceptName</classname>
      <dateChanged id="273">2006-06-05 13:55:42</dateChanged>
    </org.openmrs.module.metadatasharing.Item>
    <org.openmrs.module.metadatasharing.Item id="274" uuid="1302FFFFFFFFFFFFFFFFFFFFFFFFFFFFFFFF">
      <id>1302</id>
      <classname>org.openmrs.ConceptDescription</classname>
      <dateChanged id="275">2006-06-05 13:55:42</dateChanged>
    </org.openmrs.module.metadatasharing.Item>
    <org.openmrs.module.metadatasharing.Item id="276" uuid="171553ABBBBBBBBBBBBBBBBBBBBBBBBBBBBB">
      <id>171553</id>
      <classname>org.openmrs.ConceptMap</classname>
      <dateChanged id="277">2013-07-03 15:53:08</dateChanged>
    </org.openmrs.module.metadatasharing.Item>
    <org.openmrs.module.metadatasharing.Item id="278" uuid="6ee1c3d2-4a07-337b-9d8e-0b295f6fc1cc">
      <id>171553</id>
      <classname>org.openmrs.ConceptReferenceTerm</classname>
      <dateChanged id="279">2013-07-02 21:00:00</dateChanged>
      <retired>false</retired>
    </org.openmrs.module.metadatasharing.Item>
    <org.openmrs.module.metadatasharing.Item id="280" uuid="137373ABBBBBBBBBBBBBBBBBBBBBBBBBBBBB">
      <id>137373</id>
      <classname>org.openmrs.ConceptMap</classname>
      <dateChanged id="281">2010-12-23 15:54:18</dateChanged>
    </org.openmrs.module.metadatasharing.Item>
    <org.openmrs.module.metadatasharing.Item id="282" uuid="9f960467-4e06-3901-a2ab-ae7a813fc8ab">
      <id>137373</id>
      <classname>org.openmrs.ConceptReferenceTerm</classname>
      <dateChanged id="283">2010-12-22 21:00:00</dateChanged>
      <retired>false</retired>
    </org.openmrs.module.metadatasharing.Item>
    <org.openmrs.module.metadatasharing.Item id="284" uuid="134976ABBBBBBBBBBBBBBBBBBBBBBBBBBBBB">
      <id>134976</id>
      <classname>org.openmrs.ConceptMap</classname>
      <dateChanged id="285">2010-10-24 10:09:59</dateChanged>
    </org.openmrs.module.metadatasharing.Item>
    <org.openmrs.module.metadatasharing.Item id="286" uuid="4572809f-a0e4-3e2a-9221-9b75c23fefb8">
      <id>134976</id>
      <classname>org.openmrs.ConceptReferenceTerm</classname>
      <dateChanged id="287">2010-10-23 21:00:00</dateChanged>
      <retired>false</retired>
    </org.openmrs.module.metadatasharing.Item>
    <org.openmrs.module.metadatasharing.Item id="288" uuid="88510BBBBBBBBBBBBBBBBBBBBBBBBBBBBBBB">
      <id>88510</id>
      <classname>org.openmrs.ConceptName</classname>
      <dateChanged id="289">2006-06-05 14:21:15</dateChanged>
    </org.openmrs.module.metadatasharing.Item>
    <org.openmrs.module.metadatasharing.Item id="290" uuid="86787BBBBBBBBBBBBBBBBBBBBBBBBBBBBBBB">
      <id>86787</id>
      <classname>org.openmrs.ConceptName</classname>
      <dateChanged id="291">2006-06-05 14:21:15</dateChanged>
    </org.openmrs.module.metadatasharing.Item>
    <org.openmrs.module.metadatasharing.Item id="292" uuid="1395BBBBBBBBBBBBBBBBBBBBBBBBBBBBBBBB">
      <id>1395</id>
      <classname>org.openmrs.ConceptName</classname>
      <dateChanged id="293">2006-06-05 14:21:15</dateChanged>
    </org.openmrs.module.metadatasharing.Item>
    <org.openmrs.module.metadatasharing.Item id="294" uuid="1307FFFFFFFFFFFFFFFFFFFFFFFFFFFFFFFF">
      <id>1307</id>
      <classname>org.openmrs.ConceptDescription</classname>
      <dateChanged id="295">2014-01-28 10:54:32</dateChanged>
    </org.openmrs.module.metadatasharing.Item>
    <org.openmrs.module.metadatasharing.Item id="296" uuid="274996ABBBBBBBBBBBBBBBBBBBBBBBBBBBBB">
      <id>274996</id>
      <classname>org.openmrs.ConceptMap</classname>
      <dateChanged id="297">2014-01-28 10:54:32</dateChanged>
    </org.openmrs.module.metadatasharing.Item>
    <org.openmrs.module.metadatasharing.Item id="298" uuid="0cc433a2-eaa4-3709-809f-07e601301cf7">
      <id>274996</id>
      <classname>org.openmrs.ConceptReferenceTerm</classname>
      <dateChanged id="299">2014-01-27 21:00:00</dateChanged>
      <retired>false</retired>
    </org.openmrs.module.metadatasharing.Item>
    <org.openmrs.module.metadatasharing.Item id="300" uuid="134981ABBBBBBBBBBBBBBBBBBBBBBBBBBBBB">
      <id>134981</id>
      <classname>org.openmrs.ConceptMap</classname>
      <dateChanged id="301">2010-10-24 10:09:59</dateChanged>
    </org.openmrs.module.metadatasharing.Item>
    <org.openmrs.module.metadatasharing.Item id="302" uuid="175a9289-ade0-3cdc-8b47-4484c7bb8897">
      <id>134981</id>
      <classname>org.openmrs.ConceptReferenceTerm</classname>
      <dateChanged id="303">2010-10-23 21:00:00</dateChanged>
      <retired>false</retired>
    </org.openmrs.module.metadatasharing.Item>
    <org.openmrs.module.metadatasharing.Item id="304" uuid="171558ABBBBBBBBBBBBBBBBBBBBBBBBBBBBB">
      <id>171558</id>
      <classname>org.openmrs.ConceptMap</classname>
      <dateChanged id="305">2013-07-03 15:53:08</dateChanged>
    </org.openmrs.module.metadatasharing.Item>
    <org.openmrs.module.metadatasharing.Item id="306" uuid="17846ddd-614a-362d-98cc-bf836e0c62e2">
      <id>171558</id>
      <classname>org.openmrs.ConceptReferenceTerm</classname>
      <dateChanged id="307">2013-07-02 21:00:00</dateChanged>
      <retired>false</retired>
    </org.openmrs.module.metadatasharing.Item>
    <org.openmrs.module.metadatasharing.Item id="308" uuid="1591BBBBBBBBBBBBBBBBBBBBBBBBBBBBBBBB">
      <id>1591</id>
      <classname>org.openmrs.ConceptName</classname>
      <dateChanged id="309">2006-12-17 08:41:50</dateChanged>
    </org.openmrs.module.metadatasharing.Item>
    <org.openmrs.module.metadatasharing.Item id="310" uuid="108429BBBBBBBBBBBBBBBBBBBBBBBBBBBBBB">
      <id>108429</id>
      <classname>org.openmrs.ConceptName</classname>
      <dateChanged id="311">2012-04-10 19:03:03</dateChanged>
    </org.openmrs.module.metadatasharing.Item>
    <org.openmrs.module.metadatasharing.Item id="312" uuid="111164BBBBBBBBBBBBBBBBBBBBBBBBBBBBBB">
      <id>111164</id>
      <classname>org.openmrs.ConceptName</classname>
      <dateChanged id="313">2013-01-11 15:53:05</dateChanged>
    </org.openmrs.module.metadatasharing.Item>
    <org.openmrs.module.metadatasharing.Item id="314" uuid="86880BBBBBBBBBBBBBBBBBBBBBBBBBBBBBBB">
      <id>86880</id>
      <classname>org.openmrs.ConceptName</classname>
      <dateChanged id="315">2006-12-17 08:41:50</dateChanged>
    </org.openmrs.module.metadatasharing.Item>
    <org.openmrs.module.metadatasharing.Item id="316" uuid="107392BBBBBBBBBBBBBBBBBBBBBBBBBBBBBB">
      <id>107392</id>
      <classname>org.openmrs.ConceptName</classname>
      <dateChanged id="317">2010-11-24 11:14:19</dateChanged>
    </org.openmrs.module.metadatasharing.Item>
    <org.openmrs.module.metadatasharing.Item id="318" uuid="1592BBBBBBBBBBBBBBBBBBBBBBBBBBBBBBBB">
      <id>1592</id>
      <classname>org.openmrs.ConceptName</classname>
      <dateChanged id="319">2007-08-27 04:45:46</dateChanged>
    </org.openmrs.module.metadatasharing.Item>
    <org.openmrs.module.metadatasharing.Item id="320" uuid="1593BBBBBBBBBBBBBBBBBBBBBBBBBBBBBBBB">
      <id>1593</id>
      <classname>org.openmrs.ConceptName</classname>
      <dateChanged id="321">2008-01-01 14:25:35</dateChanged>
    </org.openmrs.module.metadatasharing.Item>
    <org.openmrs.module.metadatasharing.Item id="322" uuid="100077BBBBBBBBBBBBBBBBBBBBBBBBBBBBBB">
      <id>100077</id>
      <classname>org.openmrs.ConceptName</classname>
      <dateChanged id="323">2006-12-17 08:41:50</dateChanged>
    </org.openmrs.module.metadatasharing.Item>
    <org.openmrs.module.metadatasharing.Item id="324" uuid="16700FFFFFFFFFFFFFFFFFFFFFFFFFFFFFFF">
      <id>16700</id>
      <classname>org.openmrs.ConceptDescription</classname>
      <dateChanged id="325">2013-01-11 15:55:14</dateChanged>
    </org.openmrs.module.metadatasharing.Item>
    <org.openmrs.module.metadatasharing.Item id="326" uuid="171677ABBBBBBBBBBBBBBBBBBBBBBBBBBBBB">
      <id>171677</id>
      <classname>org.openmrs.ConceptMap</classname>
      <dateChanged id="327">2013-07-03 15:53:08</dateChanged>
    </org.openmrs.module.metadatasharing.Item>
    <org.openmrs.module.metadatasharing.Item id="328" uuid="23872930-d18d-3bfc-b24d-37e870120495">
      <id>171677</id>
      <classname>org.openmrs.ConceptReferenceTerm</classname>
      <dateChanged id="329">2013-07-02 21:00:00</dateChanged>
      <retired>false</retired>
    </org.openmrs.module.metadatasharing.Item>
    <org.openmrs.module.metadatasharing.Item id="330" uuid="144222ABBBBBBBBBBBBBBBBBBBBBBBBBBBBB">
      <id>144222</id>
      <classname>org.openmrs.ConceptMap</classname>
      <dateChanged id="331">2012-04-10 19:07:30</dateChanged>
    </org.openmrs.module.metadatasharing.Item>
    <org.openmrs.module.metadatasharing.Item id="332" uuid="ff2ccc7d-5649-369e-b679-0294a2728d39">
      <id>141549</id>
      <classname>org.openmrs.ConceptReferenceTerm</classname>
      <dateChanged id="333">2011-02-03 21:00:00</dateChanged>
      <retired>false</retired>
    </org.openmrs.module.metadatasharing.Item>
    <org.openmrs.module.metadatasharing.Item id="334" uuid="144221ABBBBBBBBBBBBBBBBBBBBBBBBBBBBB">
      <id>144221</id>
      <classname>org.openmrs.ConceptMap</classname>
      <dateChanged id="335">2012-04-10 19:03:03</dateChanged>
    </org.openmrs.module.metadatasharing.Item>
    <org.openmrs.module.metadatasharing.Item id="336" uuid="03a00b9d-b6db-3c8f-bfaa-0c86d5c2b65b">
      <id>137560</id>
      <classname>org.openmrs.ConceptReferenceTerm</classname>
      <dateChanged id="337">2011-01-05 21:00:00</dateChanged>
      <retired>false</retired>
    </org.openmrs.module.metadatasharing.Item>
    <org.openmrs.module.metadatasharing.Item id="338" uuid="8d4a505e-c2cc-11de-8d13-0010c6dffd0f">
      <id>6</id>
      <classname>org.openmrs.ConceptDatatype</classname>
      <dateChanged id="339">2004-07-21 21:00:00</dateChanged>
      <retired>false</retired>
    </org.openmrs.module.metadatasharing.Item>
    <org.openmrs.module.metadatasharing.Item id="340" uuid="135557BBBBBBBBBBBBBBBBBBBBBBBBBBBBBB">
      <id>135557</id>
      <classname>org.openmrs.ConceptName</classname>
      <dateChanged id="341">2016-02-20 01:52:14</dateChanged>
    </org.openmrs.module.metadatasharing.Item>
    <org.openmrs.module.metadatasharing.Item id="342" uuid="108613BBBBBBBBBBBBBBBBBBBBBBBBBBBBBB">
      <id>108613</id>
      <classname>org.openmrs.ConceptName</classname>
      <dateChanged id="343">2012-05-26 00:26:18</dateChanged>
    </org.openmrs.module.metadatasharing.Item>
    <org.openmrs.module.metadatasharing.Item id="344" uuid="1596BBBBBBBBBBBBBBBBBBBBBBBBBBBBBBBB">
      <id>1596</id>
      <classname>org.openmrs.ConceptName</classname>
      <dateChanged id="345">2006-12-17 08:45:06</dateChanged>
    </org.openmrs.module.metadatasharing.Item>
    <org.openmrs.module.metadatasharing.Item id="346" uuid="94079BBBBBBBBBBBBBBBBBBBBBBBBBBBBBBB">
      <id>94079</id>
      <classname>org.openmrs.ConceptName</classname>
      <dateChanged id="347">2006-12-17 08:45:06</dateChanged>
    </org.openmrs.module.metadatasharing.Item>
    <org.openmrs.module.metadatasharing.Item id="348" uuid="1597BBBBBBBBBBBBBBBBBBBBBBBBBBBBBBBB">
      <id>1597</id>
      <classname>org.openmrs.ConceptName</classname>
      <dateChanged id="349">2007-08-17 09:32:24</dateChanged>
    </org.openmrs.module.metadatasharing.Item>
    <org.openmrs.module.metadatasharing.Item id="350" uuid="86882BBBBBBBBBBBBBBBBBBBBBBBBBBBBBBB">
      <id>86882</id>
      <classname>org.openmrs.ConceptName</classname>
      <dateChanged id="351">2006-12-17 08:45:06</dateChanged>
    </org.openmrs.module.metadatasharing.Item>
    <org.openmrs.module.metadatasharing.Item id="352" uuid="1387FFFFFFFFFFFFFFFFFFFFFFFFFFFFFFFF">
      <id>1387</id>
      <classname>org.openmrs.ConceptDescription</classname>
      <dateChanged id="353">2016-02-20 01:52:14</dateChanged>
    </org.openmrs.module.metadatasharing.Item>
    <org.openmrs.module.metadatasharing.Item id="354" uuid="1388FFFFFFFFFFFFFFFFFFFFFFFFFFFFFFFF">
      <id>1388</id>
      <classname>org.openmrs.ConceptDescription</classname>
      <dateChanged id="355">2016-02-20 01:52:14</dateChanged>
    </org.openmrs.module.metadatasharing.Item>
    <org.openmrs.module.metadatasharing.Item id="356" uuid="171679ABBBBBBBBBBBBBBBBBBBBBBBBBBBBB">
      <id>171679</id>
      <classname>org.openmrs.ConceptMap</classname>
      <dateChanged id="357">2013-07-03 15:53:08</dateChanged>
    </org.openmrs.module.metadatasharing.Item>
    <org.openmrs.module.metadatasharing.Item id="358" uuid="92603219-ad65-3949-9eac-60aa8e856bda">
      <id>171679</id>
      <classname>org.openmrs.ConceptReferenceTerm</classname>
      <dateChanged id="359">2013-07-02 21:00:00</dateChanged>
      <retired>false</retired>
    </org.openmrs.module.metadatasharing.Item>
    <org.openmrs.module.metadatasharing.Item id="360" uuid="144375ABBBBBBBBBBBBBBBBBBBBBBBBBBBBB">
      <id>144375</id>
      <classname>org.openmrs.ConceptMap</classname>
      <dateChanged id="361">2012-06-03 14:51:25</dateChanged>
    </org.openmrs.module.metadatasharing.Item>
    <org.openmrs.module.metadatasharing.Item id="362" uuid="321ceec4-5ea3-3b89-bd5c-870213aac928">
      <id>144375</id>
      <classname>org.openmrs.ConceptReferenceTerm</classname>
      <dateChanged id="363">2012-06-02 21:00:00</dateChanged>
      <retired>false</retired>
    </org.openmrs.module.metadatasharing.Item>
    <org.openmrs.module.metadatasharing.Item id="364" uuid="2b3c2778-768a-102f-83f4-12313b04a615">
      <id>12</id>
      <classname>org.openmrs.ConceptSource</classname>
      <dateChanged id="365">2010-10-24 14:02:20</dateChanged>
      <retired>false</retired>
    </org.openmrs.module.metadatasharing.Item>
    <org.openmrs.module.metadatasharing.Item id="366" uuid="135130ABBBBBBBBBBBBBBBBBBBBBBBBBBBBB">
      <id>135130</id>
      <classname>org.openmrs.ConceptMap</classname>
      <dateChanged id="367">2010-10-24 10:09:59</dateChanged>
    </org.openmrs.module.metadatasharing.Item>
    <org.openmrs.module.metadatasharing.Item id="368" uuid="e98f6a75-e5fa-3946-8f7c-26c4cf2c7a19">
      <id>135130</id>
      <classname>org.openmrs.ConceptReferenceTerm</classname>
      <dateChanged id="369">2010-10-23 21:00:00</dateChanged>
      <retired>false</retired>
    </org.openmrs.module.metadatasharing.Item>
    <org.openmrs.module.metadatasharing.Item id="370" uuid="133144ABBBBBBBBBBBBBBBBBBBBBBBBBBBBB">
      <id>133144</id>
      <classname>org.openmrs.ConceptMap</classname>
      <dateChanged id="371">2010-09-20 14:27:10</dateChanged>
    </org.openmrs.module.metadatasharing.Item>
    <org.openmrs.module.metadatasharing.Item id="372" uuid="33ea72c1-187b-3654-8df8-7431c13d52a3">
      <id>133144</id>
      <classname>org.openmrs.ConceptReferenceTerm</classname>
      <dateChanged id="373">2010-09-19 21:00:00</dateChanged>
      <retired>false</retired>
    </org.openmrs.module.metadatasharing.Item>
    <org.openmrs.module.metadatasharing.Item id="374" uuid="132547ABBBBBBBBBBBBBBBBBBBBBBBBBBBBB">
      <id>132547</id>
      <classname>org.openmrs.ConceptMap</classname>
      <dateChanged id="375">2010-08-23 12:49:10</dateChanged>
    </org.openmrs.module.metadatasharing.Item>
    <org.openmrs.module.metadatasharing.Item id="376" uuid="3c4a33ce-a788-3ca0-b138-837171d39399">
      <id>132547</id>
      <classname>org.openmrs.ConceptReferenceTerm</classname>
      <dateChanged id="377">2010-08-22 21:00:00</dateChanged>
      <retired>false</retired>
    </org.openmrs.module.metadatasharing.Item>
    <org.openmrs.module.metadatasharing.Item id="378" uuid="146697ABBBBBBBBBBBBBBBBBBBBBBBBBBBBB">
      <id>146697</id>
      <classname>org.openmrs.ConceptMap</classname>
      <dateChanged id="379">2013-01-10 14:33:19</dateChanged>
    </org.openmrs.module.metadatasharing.Item>
    <org.openmrs.module.metadatasharing.Item id="380" uuid="0c73c31e-7064-30aa-bf1d-c488ea1bb9d0">
      <id>146697</id>
      <classname>org.openmrs.ConceptReferenceTerm</classname>
      <dateChanged id="381">2013-01-09 21:00:00</dateChanged>
      <retired>false</retired>
    </org.openmrs.module.metadatasharing.Item>
    <org.openmrs.module.metadatasharing.Item id="382" uuid="107847BBBBBBBBBBBBBBBBBBBBBBBBBBBBBB">
      <id>107847</id>
      <classname>org.openmrs.ConceptName</classname>
      <dateChanged id="383">2011-05-28 14:31:32</dateChanged>
    </org.openmrs.module.metadatasharing.Item>
    <org.openmrs.module.metadatasharing.Item id="384" uuid="3426CCCCCCCCCCCCCCCCCCCCCCCCCCCCCCCC">
      <id>3426</id>
      <classname>org.openmrs.ConceptAnswer</classname>
      <dateChanged id="385">2011-05-28 14:44:54</dateChanged>
    </org.openmrs.module.metadatasharing.Item>
    <org.openmrs.module.metadatasharing.Item id="386" uuid="160119AAAAAAAAAAAAAAAAAAAAAAAAAAAAAA">
      <id>160119</id>
      <classname>org.openmrs.Concept</classname>
      <dateChanged id="387">2012-06-13 21:39:08</dateChanged>
      <retired>false</retired>
    </org.openmrs.module.metadatasharing.Item>
    <org.openmrs.module.metadatasharing.Item id="388" uuid="108872BBBBBBBBBBBBBBBBBBBBBBBBBBBBBB">
      <id>108872</id>
      <classname>org.openmrs.ConceptName</classname>
      <dateChanged id="389">2012-06-13 21:39:08</dateChanged>
    </org.openmrs.module.metadatasharing.Item>
    <org.openmrs.module.metadatasharing.Item id="390" uuid="107850BBBBBBBBBBBBBBBBBBBBBBBBBBBBBB">
      <id>107850</id>
      <classname>org.openmrs.ConceptName</classname>
      <dateChanged id="391">2011-05-28 14:37:52</dateChanged>
    </org.openmrs.module.metadatasharing.Item>
    <org.openmrs.module.metadatasharing.Item id="392" uuid="107851BBBBBBBBBBBBBBBBBBBBBBBBBBBBBB">
      <id>107851</id>
      <classname>org.openmrs.ConceptName</classname>
      <dateChanged id="393">2011-05-28 14:37:52</dateChanged>
    </org.openmrs.module.metadatasharing.Item>
    <org.openmrs.module.metadatasharing.Item id="394" uuid="217256ABBBBBBBBBBBBBBBBBBBBBBBBBBBBB">
      <id>217256</id>
      <classname>org.openmrs.ConceptMap</classname>
      <dateChanged id="395">2013-07-03 15:53:08</dateChanged>
    </org.openmrs.module.metadatasharing.Item>
    <org.openmrs.module.metadatasharing.Item id="396" uuid="179476ab-6fce-3a16-93b5-4327c62f6735">
      <id>217256</id>
      <classname>org.openmrs.ConceptReferenceTerm</classname>
      <dateChanged id="397">2013-07-02 21:00:00</dateChanged>
      <retired>false</retired>
    </org.openmrs.module.metadatasharing.Item>
    <org.openmrs.module.metadatasharing.Item id="398" uuid="143681ABBBBBBBBBBBBBBBBBBBBBBBBBBBBB">
      <id>143681</id>
      <classname>org.openmrs.ConceptMap</classname>
      <dateChanged id="399">2011-05-28 14:37:52</dateChanged>
    </org.openmrs.module.metadatasharing.Item>
    <org.openmrs.module.metadatasharing.Item id="400" uuid="1b6a0c80-2798-31d2-aa8d-024d0001d4ab">
      <id>143630</id>
      <classname>org.openmrs.ConceptReferenceTerm</classname>
      <dateChanged id="401">2011-05-21 21:00:00</dateChanged>
      <retired>false</retired>
    </org.openmrs.module.metadatasharing.Item>
    <org.openmrs.module.metadatasharing.Item id="402" uuid="144616ABBBBBBBBBBBBBBBBBBBBBBBBBBBBB">
      <id>144616</id>
      <classname>org.openmrs.ConceptMap</classname>
      <dateChanged id="403">2012-06-13 21:39:08</dateChanged>
    </org.openmrs.module.metadatasharing.Item>
    <org.openmrs.module.metadatasharing.Item id="404" uuid="cf8025bd-b5ef-31cf-892a-5099d1d88f9e">
      <id>144397</id>
      <classname>org.openmrs.ConceptReferenceTerm</classname>
      <dateChanged id="405">2012-06-02 21:00:00</dateChanged>
      <retired>false</retired>
    </org.openmrs.module.metadatasharing.Item>
    <org.openmrs.module.metadatasharing.Item id="406" uuid="3427CCCCCCCCCCCCCCCCCCCCCCCCCCCCCCCC">
      <id>3427</id>
      <classname>org.openmrs.ConceptAnswer</classname>
      <dateChanged id="407">2011-05-28 14:44:54</dateChanged>
    </org.openmrs.module.metadatasharing.Item>
    <org.openmrs.module.metadatasharing.Item id="408" uuid="160120AAAAAAAAAAAAAAAAAAAAAAAAAAAAAA">
      <id>160120</id>
      <classname>org.openmrs.Concept</classname>
      <dateChanged id="409">2011-05-28 14:40:12</dateChanged>
      <retired>false</retired>
    </org.openmrs.module.metadatasharing.Item>
    <org.openmrs.module.metadatasharing.Item id="410" uuid="107852BBBBBBBBBBBBBBBBBBBBBBBBBBBBBB">
      <id>107852</id>
      <classname>org.openmrs.ConceptName</classname>
      <dateChanged id="411">2011-05-28 14:40:12</dateChanged>
    </org.openmrs.module.metadatasharing.Item>
    <org.openmrs.module.metadatasharing.Item id="412" uuid="107853BBBBBBBBBBBBBBBBBBBBBBBBBBBBBB">
      <id>107853</id>
      <classname>org.openmrs.ConceptName</classname>
      <dateChanged id="413">2011-05-28 14:40:12</dateChanged>
    </org.openmrs.module.metadatasharing.Item>
    <org.openmrs.module.metadatasharing.Item id="414" uuid="217257ABBBBBBBBBBBBBBBBBBBBBBBBBBBBB">
      <id>217257</id>
      <classname>org.openmrs.ConceptMap</classname>
      <dateChanged id="415">2013-07-03 15:53:08</dateChanged>
    </org.openmrs.module.metadatasharing.Item>
    <org.openmrs.module.metadatasharing.Item id="416" uuid="6cf0b046-74ad-3618-9dd1-a016e0a5f119">
      <id>217257</id>
      <classname>org.openmrs.ConceptReferenceTerm</classname>
      <dateChanged id="417">2013-07-02 21:00:00</dateChanged>
      <retired>false</retired>
    </org.openmrs.module.metadatasharing.Item>
    <org.openmrs.module.metadatasharing.Item id="418" uuid="143682ABBBBBBBBBBBBBBBBBBBBBBBBBBBBB">
      <id>143682</id>
      <classname>org.openmrs.ConceptMap</classname>
      <dateChanged id="419">2011-05-28 14:40:12</dateChanged>
    </org.openmrs.module.metadatasharing.Item>
    <org.openmrs.module.metadatasharing.Item id="420" uuid="a10f6e19-7f47-3ba6-a32f-4d2b40ca3a48">
      <id>143682</id>
      <classname>org.openmrs.ConceptReferenceTerm</classname>
      <dateChanged id="421">2011-05-27 21:00:00</dateChanged>
      <retired>false</retired>
    </org.openmrs.module.metadatasharing.Item>
    <org.openmrs.module.metadatasharing.Item id="422" uuid="3428CCCCCCCCCCCCCCCCCCCCCCCCCCCCCCCC">
      <id>3428</id>
      <classname>org.openmrs.ConceptAnswer</classname>
      <dateChanged id="423">2011-05-28 14:44:54</dateChanged>
    </org.openmrs.module.metadatasharing.Item>
    <org.openmrs.module.metadatasharing.Item id="424" uuid="160121AAAAAAAAAAAAAAAAAAAAAAAAAAAAAA">
      <id>160121</id>
      <classname>org.openmrs.Concept</classname>
      <dateChanged id="425">2011-05-28 14:42:02</dateChanged>
      <retired>false</retired>
    </org.openmrs.module.metadatasharing.Item>
    <org.openmrs.module.metadatasharing.Item id="426" uuid="107855BBBBBBBBBBBBBBBBBBBBBBBBBBBBBB">
      <id>107855</id>
      <classname>org.openmrs.ConceptName</classname>
      <dateChanged id="427">2011-05-28 14:42:02</dateChanged>
    </org.openmrs.module.metadatasharing.Item>
    <org.openmrs.module.metadatasharing.Item id="428" uuid="107854BBBBBBBBBBBBBBBBBBBBBBBBBBBBBB">
      <id>107854</id>
      <classname>org.openmrs.ConceptName</classname>
      <dateChanged id="429">2011-05-28 14:42:02</dateChanged>
    </org.openmrs.module.metadatasharing.Item>
    <org.openmrs.module.metadatasharing.Item id="430" uuid="143683ABBBBBBBBBBBBBBBBBBBBBBBBBBBBB">
      <id>143683</id>
      <classname>org.openmrs.ConceptMap</classname>
      <dateChanged id="431">2011-05-28 14:42:02</dateChanged>
    </org.openmrs.module.metadatasharing.Item>
    <org.openmrs.module.metadatasharing.Item id="432" uuid="bb14557e-41a3-3588-bb94-c26a788f55f9">
      <id>143683</id>
      <classname>org.openmrs.ConceptReferenceTerm</classname>
      <dateChanged id="433">2011-05-27 21:00:00</dateChanged>
      <retired>false</retired>
    </org.openmrs.module.metadatasharing.Item>
    <org.openmrs.module.metadatasharing.Item id="434" uuid="217258ABBBBBBBBBBBBBBBBBBBBBBBBBBBBB">
      <id>217258</id>
      <classname>org.openmrs.ConceptMap</classname>
      <dateChanged id="435">2013-07-03 15:53:08</dateChanged>
    </org.openmrs.module.metadatasharing.Item>
    <org.openmrs.module.metadatasharing.Item id="436" uuid="24e45b37-c3e3-3f61-98f9-e0071eac0e0f">
      <id>217258</id>
      <classname>org.openmrs.ConceptReferenceTerm</classname>
      <dateChanged id="437">2013-07-02 21:00:00</dateChanged>
      <retired>false</retired>
    </org.openmrs.module.metadatasharing.Item>
    <org.openmrs.module.metadatasharing.Item id="438" uuid="3429CCCCCCCCCCCCCCCCCCCCCCCCCCCCCCCC">
      <id>3429</id>
      <classname>org.openmrs.ConceptAnswer</classname>
      <dateChanged id="439">2011-05-28 14:44:54</dateChanged>
    </org.openmrs.module.metadatasharing.Item>
    <org.openmrs.module.metadatasharing.Item id="440" uuid="160122AAAAAAAAAAAAAAAAAAAAAAAAAAAAAA">
      <id>160122</id>
      <classname>org.openmrs.Concept</classname>
      <dateChanged id="441">2011-05-28 14:43:26</dateChanged>
      <retired>false</retired>
    </org.openmrs.module.metadatasharing.Item>
    <org.openmrs.module.metadatasharing.Item id="442" uuid="107856BBBBBBBBBBBBBBBBBBBBBBBBBBBBBB">
      <id>107856</id>
      <classname>org.openmrs.ConceptName</classname>
      <dateChanged id="443">2011-05-28 14:43:26</dateChanged>
    </org.openmrs.module.metadatasharing.Item>
    <org.openmrs.module.metadatasharing.Item id="444" uuid="107857BBBBBBBBBBBBBBBBBBBBBBBBBBBBBB">
      <id>107857</id>
      <classname>org.openmrs.ConceptName</classname>
      <dateChanged id="445">2011-05-28 14:43:26</dateChanged>
    </org.openmrs.module.metadatasharing.Item>
    <org.openmrs.module.metadatasharing.Item id="446" uuid="143684ABBBBBBBBBBBBBBBBBBBBBBBBBBBBB">
      <id>143684</id>
      <classname>org.openmrs.ConceptMap</classname>
      <dateChanged id="447">2011-05-28 14:43:26</dateChanged>
    </org.openmrs.module.metadatasharing.Item>
    <org.openmrs.module.metadatasharing.Item id="448" uuid="5fd153aa-f4fc-32cc-9900-1c22e40af64c">
      <id>143684</id>
      <classname>org.openmrs.ConceptReferenceTerm</classname>
      <dateChanged id="449">2011-05-27 21:00:00</dateChanged>
      <retired>false</retired>
    </org.openmrs.module.metadatasharing.Item>
    <org.openmrs.module.metadatasharing.Item id="450" uuid="217259ABBBBBBBBBBBBBBBBBBBBBBBBBBBBB">
      <id>217259</id>
      <classname>org.openmrs.ConceptMap</classname>
      <dateChanged id="451">2013-07-03 15:53:08</dateChanged>
    </org.openmrs.module.metadatasharing.Item>
    <org.openmrs.module.metadatasharing.Item id="452" uuid="0e90f491-6ba0-35de-9b6b-7f500e5c4527">
      <id>217259</id>
      <classname>org.openmrs.ConceptReferenceTerm</classname>
      <dateChanged id="453">2013-07-02 21:00:00</dateChanged>
      <retired>false</retired>
    </org.openmrs.module.metadatasharing.Item>
    <org.openmrs.module.metadatasharing.Item id="454" uuid="3430CCCCCCCCCCCCCCCCCCCCCCCCCCCCCCCC">
      <id>3430</id>
      <classname>org.openmrs.ConceptAnswer</classname>
      <dateChanged id="455">2011-05-28 14:44:54</dateChanged>
    </org.openmrs.module.metadatasharing.Item>
    <org.openmrs.module.metadatasharing.Item id="456" uuid="160118AAAAAAAAAAAAAAAAAAAAAAAAAAAAAA">
      <id>160118</id>
      <classname>org.openmrs.Concept</classname>
      <dateChanged id="457">2011-05-28 14:35:21</dateChanged>
      <retired>false</retired>
    </org.openmrs.module.metadatasharing.Item>
    <org.openmrs.module.metadatasharing.Item id="458" uuid="107848BBBBBBBBBBBBBBBBBBBBBBBBBBBBBB">
      <id>107848</id>
      <classname>org.openmrs.ConceptName</classname>
      <dateChanged id="459">2011-05-28 14:35:02</dateChanged>
    </org.openmrs.module.metadatasharing.Item>
    <org.openmrs.module.metadatasharing.Item id="460" uuid="107849BBBBBBBBBBBBBBBBBBBBBBBBBBBBBB">
      <id>107849</id>
      <classname>org.openmrs.ConceptName</classname>
      <dateChanged id="461">2011-05-28 14:35:21</dateChanged>
    </org.openmrs.module.metadatasharing.Item>
    <org.openmrs.module.metadatasharing.Item id="462" uuid="16645FFFFFFFFFFFFFFFFFFFFFFFFFFFFFFF">
      <id>16645</id>
      <classname>org.openmrs.ConceptDescription</classname>
      <dateChanged id="463">2011-05-28 14:35:02</dateChanged>
    </org.openmrs.module.metadatasharing.Item>
    <org.openmrs.module.metadatasharing.Item id="464" uuid="217255ABBBBBBBBBBBBBBBBBBBBBBBBBBBBB">
      <id>217255</id>
      <classname>org.openmrs.ConceptMap</classname>
      <dateChanged id="465">2013-07-03 15:53:08</dateChanged>
    </org.openmrs.module.metadatasharing.Item>
    <org.openmrs.module.metadatasharing.Item id="466" uuid="1b8b756e-b1cc-39c1-9928-92c71357772f">
      <id>217255</id>
      <classname>org.openmrs.ConceptReferenceTerm</classname>
      <dateChanged id="467">2013-07-02 21:00:00</dateChanged>
      <retired>false</retired>
    </org.openmrs.module.metadatasharing.Item>
    <org.openmrs.module.metadatasharing.Item id="468" uuid="143680ABBBBBBBBBBBBBBBBBBBBBBBBBBBBB">
      <id>143680</id>
      <classname>org.openmrs.ConceptMap</classname>
      <dateChanged id="469">2011-05-28 14:35:02</dateChanged>
    </org.openmrs.module.metadatasharing.Item>
    <org.openmrs.module.metadatasharing.Item id="470" uuid="eba54e0e-63a6-3c86-aad7-e69d050a3f66">
      <id>143680</id>
      <classname>org.openmrs.ConceptReferenceTerm</classname>
      <dateChanged id="471">2011-05-27 21:00:00</dateChanged>
      <retired>false</retired>
    </org.openmrs.module.metadatasharing.Item>
    <org.openmrs.module.metadatasharing.Item id="472" uuid="217254ABBBBBBBBBBBBBBBBBBBBBBBBBBBBB">
      <id>217254</id>
      <classname>org.openmrs.ConceptMap</classname>
      <dateChanged id="473">2013-07-03 15:53:08</dateChanged>
    </org.openmrs.module.metadatasharing.Item>
    <org.openmrs.module.metadatasharing.Item id="474" uuid="672b1100-ad6a-3b5c-a7e4-8ea87f4ef42a">
      <id>217254</id>
      <classname>org.openmrs.ConceptReferenceTerm</classname>
      <dateChanged id="475">2013-07-02 21:00:00</dateChanged>
      <retired>false</retired>
    </org.openmrs.module.metadatasharing.Item>
    <org.openmrs.module.metadatasharing.Item id="476" uuid="143679ABBBBBBBBBBBBBBBBBBBBBBBBBBBBB">
      <id>143679</id>
      <classname>org.openmrs.ConceptMap</classname>
      <dateChanged id="477">2011-05-28 14:31:32</dateChanged>
    </org.openmrs.module.metadatasharing.Item>
    <org.openmrs.module.metadatasharing.Item id="478" uuid="218b9b28-e3a6-31f7-afac-4c72154faf7c">
      <id>143679</id>
      <classname>org.openmrs.ConceptReferenceTerm</classname>
      <dateChanged id="479">2011-05-27 21:00:00</dateChanged>
      <retired>false</retired>
    </org.openmrs.module.metadatasharing.Item>
    <org.openmrs.module.metadatasharing.Item id="480" uuid="98601BBBBBBBBBBBBBBBBBBBBBBBBBBBBBBB">
      <id>98601</id>
      <classname>org.openmrs.ConceptName</classname>
      <dateChanged id="481">2006-06-06 11:17:27</dateChanged>
    </org.openmrs.module.metadatasharing.Item>
    <org.openmrs.module.metadatasharing.Item id="482" uuid="324BBBBBBBBBBBBBBBBBBBBBBBBBBBBBBBBB">
      <id>324</id>
      <classname>org.openmrs.ConceptName</classname>
      <dateChanged id="483">2003-12-31 21:00:00</dateChanged>
    </org.openmrs.module.metadatasharing.Item>
    <org.openmrs.module.metadatasharing.Item id="484" uuid="106205BBBBBBBBBBBBBBBBBBBBBBBBBBBBBB">
      <id>106205</id>
      <classname>org.openmrs.ConceptName</classname>
      <dateChanged id="485">2010-05-03 14:11:20</dateChanged>
    </org.openmrs.module.metadatasharing.Item>
    <org.openmrs.module.metadatasharing.Item id="486" uuid="17CCCCCCCCCCCCCCCCCCCCCCCCCCCCCCCCCC">
      <id>17</id>
      <classname>org.openmrs.ConceptAnswer</classname>
      <dateChanged id="487">2005-02-16 14:21:33</dateChanged>
    </org.openmrs.module.metadatasharing.Item>
    <org.openmrs.module.metadatasharing.Item id="488" uuid="1228AAAAAAAAAAAAAAAAAAAAAAAAAAAAAAAA">
      <id>1228</id>
      <classname>org.openmrs.Concept</classname>
      <dateChanged id="489">2010-12-23 13:19:54</dateChanged>
      <retired>false</retired>
    </org.openmrs.module.metadatasharing.Item>
    <org.openmrs.module.metadatasharing.Item id="490" uuid="1306BBBBBBBBBBBBBBBBBBBBBBBBBBBBBBBB">
      <id>1306</id>
      <classname>org.openmrs.ConceptName</classname>
      <dateChanged id="491">2007-07-13 12:25:19</dateChanged>
    </org.openmrs.module.metadatasharing.Item>
    <org.openmrs.module.metadatasharing.Item id="492" uuid="1305BBBBBBBBBBBBBBBBBBBBBBBBBBBBBBBB">
      <id>1305</id>
      <classname>org.openmrs.ConceptName</classname>
      <dateChanged id="493">2005-02-16 14:18:45</dateChanged>
    </org.openmrs.module.metadatasharing.Item>
    <org.openmrs.module.metadatasharing.Item id="494" uuid="1230FFFFFFFFFFFFFFFFFFFFFFFFFFFFFFFF">
      <id>1230</id>
      <classname>org.openmrs.ConceptDescription</classname>
      <dateChanged id="495">2005-02-16 14:18:45</dateChanged>
    </org.openmrs.module.metadatasharing.Item>
    <org.openmrs.module.metadatasharing.Item id="496" uuid="134902ABBBBBBBBBBBBBBBBBBBBBBBBBBBBB">
      <id>134902</id>
      <classname>org.openmrs.ConceptMap</classname>
      <dateChanged id="497">2010-10-24 10:09:59</dateChanged>
    </org.openmrs.module.metadatasharing.Item>
    <org.openmrs.module.metadatasharing.Item id="498" uuid="ac0f3087-bf4f-3dd6-9251-a310f2f58c1a">
      <id>134902</id>
      <classname>org.openmrs.ConceptReferenceTerm</classname>
      <dateChanged id="499">2010-10-23 21:00:00</dateChanged>
      <retired>false</retired>
    </org.openmrs.module.metadatasharing.Item>
    <org.openmrs.module.metadatasharing.Item id="500" uuid="137350ABBBBBBBBBBBBBBBBBBBBBBBBBBBBB">
      <id>137350</id>
      <classname>org.openmrs.ConceptMap</classname>
      <dateChanged id="501">2010-12-23 13:19:54</dateChanged>
    </org.openmrs.module.metadatasharing.Item>
    <org.openmrs.module.metadatasharing.Item id="502" uuid="4b6266ec-f125-3f14-91d6-e1dee93b6cdd">
      <id>137350</id>
      <classname>org.openmrs.ConceptReferenceTerm</classname>
      <dateChanged id="503">2010-12-22 21:00:00</dateChanged>
      <retired>false</retired>
    </org.openmrs.module.metadatasharing.Item>
    <org.openmrs.module.metadatasharing.Item id="504" uuid="171487ABBBBBBBBBBBBBBBBBBBBBBBBBBBBB">
      <id>171487</id>
      <classname>org.openmrs.ConceptMap</classname>
      <dateChanged id="505">2013-07-03 15:53:08</dateChanged>
    </org.openmrs.module.metadatasharing.Item>
    <org.openmrs.module.metadatasharing.Item id="506" uuid="63afcb3a-d77f-380f-90f8-6cf780e60db6">
      <id>171487</id>
      <classname>org.openmrs.ConceptReferenceTerm</classname>
      <dateChanged id="507">2013-07-02 21:00:00</dateChanged>
      <retired>false</retired>
    </org.openmrs.module.metadatasharing.Item>
    <org.openmrs.module.metadatasharing.Item id="508" uuid="18CCCCCCCCCCCCCCCCCCCCCCCCCCCCCCCCCC">
      <id>18</id>
      <classname>org.openmrs.ConceptAnswer</classname>
      <dateChanged id="509">2005-02-16 14:21:33</dateChanged>
    </org.openmrs.module.metadatasharing.Item>
    <org.openmrs.module.metadatasharing.Item id="510" uuid="1229AAAAAAAAAAAAAAAAAAAAAAAAAAAAAAAA">
      <id>1229</id>
      <classname>org.openmrs.Concept</classname>
      <dateChanged id="511">2010-12-23 13:20:51</dateChanged>
      <retired>false</retired>
    </org.openmrs.module.metadatasharing.Item>
    <org.openmrs.module.metadatasharing.Item id="512" uuid="1308BBBBBBBBBBBBBBBBBBBBBBBBBBBBBBBB">
      <id>1308</id>
      <classname>org.openmrs.ConceptName</classname>
      <dateChanged id="513">2007-07-13 12:13:30</dateChanged>
    </org.openmrs.module.metadatasharing.Item>
    <org.openmrs.module.metadatasharing.Item id="514" uuid="1307BBBBBBBBBBBBBBBBBBBBBBBBBBBBBBBB">
      <id>1307</id>
      <classname>org.openmrs.ConceptName</classname>
      <dateChanged id="515">2005-02-16 14:20:37</dateChanged>
    </org.openmrs.module.metadatasharing.Item>
    <org.openmrs.module.metadatasharing.Item id="516" uuid="1231FFFFFFFFFFFFFFFFFFFFFFFFFFFFFFFF">
      <id>1231</id>
      <classname>org.openmrs.ConceptDescription</classname>
      <dateChanged id="517">2005-02-16 14:20:37</dateChanged>
    </org.openmrs.module.metadatasharing.Item>
    <org.openmrs.module.metadatasharing.Item id="518" uuid="137351ABBBBBBBBBBBBBBBBBBBBBBBBBBBBB">
      <id>137351</id>
      <classname>org.openmrs.ConceptMap</classname>
      <dateChanged id="519">2010-12-23 13:20:51</dateChanged>
    </org.openmrs.module.metadatasharing.Item>
    <org.openmrs.module.metadatasharing.Item id="520" uuid="4a91463a-5066-3001-80df-5b27ef24b7c8">
      <id>137351</id>
      <classname>org.openmrs.ConceptReferenceTerm</classname>
      <dateChanged id="521">2010-12-22 21:00:00</dateChanged>
      <retired>false</retired>
    </org.openmrs.module.metadatasharing.Item>
    <org.openmrs.module.metadatasharing.Item id="522" uuid="171488ABBBBBBBBBBBBBBBBBBBBBBBBBBBBB">
      <id>171488</id>
      <classname>org.openmrs.ConceptMap</classname>
      <dateChanged id="523">2013-07-03 15:53:08</dateChanged>
    </org.openmrs.module.metadatasharing.Item>
    <org.openmrs.module.metadatasharing.Item id="524" uuid="0c461126-a805-37bc-b717-1b4c99c10d2b">
      <id>171488</id>
      <classname>org.openmrs.ConceptReferenceTerm</classname>
      <dateChanged id="525">2013-07-02 21:00:00</dateChanged>
      <retired>false</retired>
    </org.openmrs.module.metadatasharing.Item>
    <org.openmrs.module.metadatasharing.Item id="526" uuid="134903ABBBBBBBBBBBBBBBBBBBBBBBBBBBBB">
      <id>134903</id>
      <classname>org.openmrs.ConceptMap</classname>
      <dateChanged id="527">2010-10-24 10:09:59</dateChanged>
    </org.openmrs.module.metadatasharing.Item>
    <org.openmrs.module.metadatasharing.Item id="528" uuid="a18bf49a-5268-3f72-b74e-9819ddd28d76">
      <id>134903</id>
      <classname>org.openmrs.ConceptReferenceTerm</classname>
      <dateChanged id="529">2010-10-23 21:00:00</dateChanged>
      <retired>false</retired>
    </org.openmrs.module.metadatasharing.Item>
    <org.openmrs.module.metadatasharing.Item id="530" uuid="969CCCCCCCCCCCCCCCCCCCCCCCCCCCCCCCCC">
      <id>969</id>
      <classname>org.openmrs.ConceptAnswer</classname>
      <dateChanged id="531">2006-06-06 11:17:27</dateChanged>
    </org.openmrs.module.metadatasharing.Item>
    <org.openmrs.module.metadatasharing.Item id="532" uuid="1304AAAAAAAAAAAAAAAAAAAAAAAAAAAAAAAA">
      <id>1304</id>
      <classname>org.openmrs.Concept</classname>
      <dateChanged id="533">2011-02-04 12:24:01</dateChanged>
      <retired>false</retired>
    </org.openmrs.module.metadatasharing.Item>
    <org.openmrs.module.metadatasharing.Item id="534" uuid="86785BBBBBBBBBBBBBBBBBBBBBBBBBBBBBBB">
      <id>86785</id>
      <classname>org.openmrs.ConceptName</classname>
      <dateChanged id="535">2006-06-05 14:03:19</dateChanged>
    </org.openmrs.module.metadatasharing.Item>
    <org.openmrs.module.metadatasharing.Item id="536" uuid="1391BBBBBBBBBBBBBBBBBBBBBBBBBBBBBBBB">
      <id>1391</id>
      <classname>org.openmrs.ConceptName</classname>
      <dateChanged id="537">2006-06-05 14:03:19</dateChanged>
    </org.openmrs.module.metadatasharing.Item>
    <org.openmrs.module.metadatasharing.Item id="538" uuid="97068BBBBBBBBBBBBBBBBBBBBBBBBBBBBBBB">
      <id>97068</id>
      <classname>org.openmrs.ConceptName</classname>
      <dateChanged id="539">2006-06-05 14:03:19</dateChanged>
    </org.openmrs.module.metadatasharing.Item>
    <org.openmrs.module.metadatasharing.Item id="540" uuid="137561ABBBBBBBBBBBBBBBBBBBBBBBBBBBBB">
      <id>137561</id>
      <classname>org.openmrs.ConceptMap</classname>
      <dateChanged id="541">2011-01-06 11:56:04</dateChanged>
    </org.openmrs.module.metadatasharing.Item>
    <org.openmrs.module.metadatasharing.Item id="542" uuid="0a5f0707-0e47-3b6c-9b10-03091c20e5c9">
      <id>137561</id>
      <classname>org.openmrs.ConceptReferenceTerm</classname>
      <dateChanged id="543">2011-01-05 21:00:00</dateChanged>
      <retired>false</retired>
    </org.openmrs.module.metadatasharing.Item>
    <org.openmrs.module.metadatasharing.Item id="544" uuid="171556ABBBBBBBBBBBBBBBBBBBBBBBBBBBBB">
      <id>171556</id>
      <classname>org.openmrs.ConceptMap</classname>
      <dateChanged id="545">2013-07-03 15:53:08</dateChanged>
    </org.openmrs.module.metadatasharing.Item>
    <org.openmrs.module.metadatasharing.Item id="546" uuid="f05d6b56-aa7f-3900-810a-b14048528342">
      <id>171556</id>
      <classname>org.openmrs.ConceptReferenceTerm</classname>
      <dateChanged id="547">2013-07-02 21:00:00</dateChanged>
      <retired>false</retired>
    </org.openmrs.module.metadatasharing.Item>
    <org.openmrs.module.metadatasharing.Item id="548" uuid="134979ABBBBBBBBBBBBBBBBBBBBBBBBBBBBB">
      <id>134979</id>
      <classname>org.openmrs.ConceptMap</classname>
      <dateChanged id="549">2010-10-24 10:09:59</dateChanged>
    </org.openmrs.module.metadatasharing.Item>
    <org.openmrs.module.metadatasharing.Item id="550" uuid="8bd31a10-2409-3c5e-9902-c5ae17cc9e03">
      <id>134979</id>
      <classname>org.openmrs.ConceptReferenceTerm</classname>
      <dateChanged id="551">2010-10-23 21:00:00</dateChanged>
      <retired>false</retired>
    </org.openmrs.module.metadatasharing.Item>
    <org.openmrs.module.metadatasharing.Item id="552" uuid="141501ABBBBBBBBBBBBBBBBBBBBBBBBBBBBB">
      <id>141501</id>
      <classname>org.openmrs.ConceptMap</classname>
      <dateChanged id="553">2011-02-04 12:24:01</dateChanged>
    </org.openmrs.module.metadatasharing.Item>
    <org.openmrs.module.metadatasharing.Item id="554" uuid="d464b92e-fed1-3df2-89f1-8fa221f2ed2a">
      <id>141501</id>
      <classname>org.openmrs.ConceptReferenceTerm</classname>
      <dateChanged id="555">2011-02-03 21:00:00</dateChanged>
      <retired>false</retired>
    </org.openmrs.module.metadatasharing.Item>
    <org.openmrs.module.metadatasharing.Item id="556" uuid="300FFFFFFFFFFFFFFFFFFFFFFFFFFFFFFFFF">
      <id>300</id>
      <classname>org.openmrs.ConceptDescription</classname>
      <dateChanged id="557">2003-12-31 21:00:00</dateChanged>
    </org.openmrs.module.metadatasharing.Item>
    <org.openmrs.module.metadatasharing.Item id="558" uuid="138122ABBBBBBBBBBBBBBBBBBBBBBBBBBBBB">
      <id>138122</id>
      <classname>org.openmrs.ConceptMap</classname>
      <dateChanged id="559">2011-01-22 15:11:52</dateChanged>
    </org.openmrs.module.metadatasharing.Item>
    <org.openmrs.module.metadatasharing.Item id="560" uuid="86965615-53dc-3a0f-8495-aa23d3f6b5fe">
      <id>138122</id>
      <classname>org.openmrs.ConceptReferenceTerm</classname>
      <dateChanged id="561">2011-01-21 21:00:00</dateChanged>
      <retired>false</retired>
    </org.openmrs.module.metadatasharing.Item>
    <org.openmrs.module.metadatasharing.Item id="562" uuid="274366ABBBBBBBBBBBBBBBBBBBBBBBBBBBBB">
      <id>274366</id>
      <classname>org.openmrs.ConceptMap</classname>
      <dateChanged id="563">2013-10-01 13:20:32</dateChanged>
    </org.openmrs.module.metadatasharing.Item>
    <org.openmrs.module.metadatasharing.Item id="564" uuid="1de740fe-f439-3ffa-839c-89612bd1f58a">
      <id>274366</id>
      <classname>org.openmrs.ConceptReferenceTerm</classname>
      <dateChanged id="565">2013-09-30 21:00:00</dateChanged>
      <retired>false</retired>
    </org.openmrs.module.metadatasharing.Item>
    <org.openmrs.module.metadatasharing.Item id="566" uuid="134150ABBBBBBBBBBBBBBBBBBBBBBBBBBBBB">
      <id>134150</id>
      <classname>org.openmrs.ConceptMap</classname>
      <dateChanged id="567">2010-10-24 10:09:59</dateChanged>
    </org.openmrs.module.metadatasharing.Item>
    <org.openmrs.module.metadatasharing.Item id="568" uuid="3c9043fe-addf-3331-8aaa-557800a5c00b">
      <id>134150</id>
      <classname>org.openmrs.ConceptReferenceTerm</classname>
      <dateChanged id="569">2010-10-23 21:00:00</dateChanged>
      <retired>false</retired>
    </org.openmrs.module.metadatasharing.Item>
    <org.openmrs.module.metadatasharing.Item id="570" uuid="171051ABBBBBBBBBBBBBBBBBBBBBBBBBBBBB">
      <id>171051</id>
      <classname>org.openmrs.ConceptMap</classname>
      <dateChanged id="571">2013-07-03 15:53:08</dateChanged>
    </org.openmrs.module.metadatasharing.Item>
    <org.openmrs.module.metadatasharing.Item id="572" uuid="8c033a09-db91-3057-b3ba-53a2a6f65d59">
      <id>171051</id>
      <classname>org.openmrs.ConceptReferenceTerm</classname>
      <dateChanged id="573">2013-07-02 21:00:00</dateChanged>
      <retired>false</retired>
    </org.openmrs.module.metadatasharing.Item>
    <org.openmrs.module.metadatasharing.Item id="574" uuid="133669ABBBBBBBBBBBBBBBBBBBBBBBBBBBBB">
      <id>133669</id>
      <classname>org.openmrs.ConceptMap</classname>
      <dateChanged id="575">2010-09-28 10:55:32</dateChanged>
    </org.openmrs.module.metadatasharing.Item>
    <org.openmrs.module.metadatasharing.Item id="576" uuid="d088f3b9-7fe8-3540-9dd4-d0c138ca6056">
      <id>133669</id>
      <classname>org.openmrs.ConceptReferenceTerm</classname>
      <dateChanged id="577">2010-09-27 21:00:00</dateChanged>
      <retired>false</retired>
    </org.openmrs.module.metadatasharing.Item>
  </relatedItems>
</package>
